Lista de Preços;;;
Código;Produto;Unidade;Entrega R$
740;ABACAXI CALDA TOZZI 400 G (CX 12 LT);LT;8.05
3421;ACÉM RESFRIADO JORDANÉSIA 15 KG (CX 30 KG);KG;15.10
218;ACETO BALSÂMICO DI SALERNO 500 ML (CX 12 VD);VD;12.13
4743;ACHOCOLATADO NESCAU 2 KG (CX 4 PCT);PCT;24.24
3329;ACHOCOLATADO OVOMALTINE 750 G (CX 12 PCT);PCT;17.49
4224;AÇÚCAR CONFEITEIRO GLAÇÚCAR UNIÃO 500 G (FDO 20 PCT);PCT;2.35
4385;AÇÚCAR CRISTALÇUCAR UNIÃO 1 KG (FDO 10 PCT);FDO;20.43
3834;AÇÚCAR DA BARRA 1 KG (FDO 10 PCT);FDO;18.39
4261;AÇÚCAR GRANULADO DOÇÚCAR UNIÃO 1 KG (FDO 10 PCT);PCT;3.88
3922;AÇÚCAR MASCAVO 3 GARÇAS 1 KG (FDO 10 PCT);PCT;8.60
3835;AÇÚCAR MASCAVO SACHÊ JUNIOR (CX 250 UN);CX;43.41
4672;AÇÚCAR MASCAVO UNIÃO 1 KG (CX 12 PCT);PCT;13.37
4225;AÇÚCAR NATURALE DEMERARA UNIÃO 1 KG (FDO 10 PCT);PCT;3.59
4756;AÇÚCAR ORGÂNICO UNIÃO 1 KG (FDO 10 PCT);PCT;3.67
4663;AÇÚCAR SACHÊ ORGÂNICO UNIÃO (CX 400 UN);CX;22.07
472;"AÇÚCAR SACHÊ UNIÃO (CX PEQUENA ""400"" UN)";CX;11.94
254;AÇÚCAR UNIÃO 1 KG (FDO 10 PCT);FDO;19.71
4010;"ADOÇANTE SUCRALOSE SACHÊ UNIÃO 0,6 G (CX PEQUENA ""400"" UN)";CX;18.92
3629;ÁGUA DE CÔCO GRANDE SOCOCO 1 L (CX 12 UN);CX;82.51
3937;ÁGUA DE CÔCO MAIS COCO 1 L (CX 12 UN);CX;68.73
1456;ÁGUA DE CÔCO MÉDIA SOCOCO 330 ML (CX 12 UN);CX;34.30
2910;ÁGUA DE CÔCO PEQUENA SOCOCO 200 ML (CX 24 UN);CX;41.18
4093;ÁGUA MINERAL BEM LEVE 500 ML (PCT 12 UN);PCT;6.99
4286;ÁGUA MINERAL BONAFONT 500 ML (PCT 24 UN);PCT;23.70
3041;ÁGUA MINERAL CRYSTAL 1,5 L (PCT 6 UN);PCT;12.00
1387;ÁGUA MINERAL CRYSTAL 500 ML (PCT 12 UN);PCT;12.23
3260;ÁGUA MINERAL CRYSTAL COM GÁS 500 ML (PCT 12 UN);PCT;19.03
4221;ÁGUA MINERAL SÃO LOURENÇO 300 ML (PCT 12 UN);PCT;15.40
4260;ÁGUA MINERAL SÃO LOURENÇO COM GÁS 300 ML (PCT 12 UN);PCT;15.40
1526;ÁGUA TÔNICA ANTARCTICA LATA 350 ML (CX 12 LT);CX;29.09
3508;ÁGUA TÔNICA ANTARCTICA ZERO LATA 350 ML (CX 12 LT);CX;29.09
3431;AGUARDENTE YPIÓCA PRATA SEM PALHA 965 ML (CX 12 UN);UN;10.84
455;AJINOMOTO FOOD SERVICE PCT 2 KG (CX 5 PCT);PCT;47.04
501;ALCACHOFRA CORAÇÃO INTEIRO DI SALERNO 2,5 KG (CX 6 LT);LT;54.99
276;ALCACHOFRA FUNDO DI SALERNO 2,5 KG (CX 6 LT);LT;56.12
4380;ALCAPARRA ARCO BELLO (BD 2 KG);BD;33.80
278;ALCAPARRA DI SALERNO 700 G (CX 12 UN);UN;21.02
4703;ALHO FRITO FINO MAX GARLIC 500 G (CX 8 PCT);PCT;13.16
4704;ALHO TRITURADO MAX GARLIC 3 KG (CX 4 BD);BD;24.43
4705;ALHO TRITURADO PEQUENO MAX GARLIC 1 KG (CX 18 BD);BD;7.98
148;ALICHE DI SALERNO 1,2 KG (CX 6 VD);VD;161.24
4870;ALICHE MELILLA 1,2 KG (CX 6 VD);VD;148.83
3192;ALICHE PEQUENO DI SALERNO 550 G (CX 12 VD);VD;91.47
152;ALICHE RIBAMAR (BD 1 KG);BD;34.45
883;AMACIANTE DE CARNE QUALIMAX 1 KG (CX 10 PCT);PCT;11.02
4862;AMACIANTE DE CARNE TECNUTRI 1,01 KG (CX 10 PCT);PCT;9.52
741;AMEIXA CALDA TOZZI 400 G (CX 12 LT);LT;6.82
4419;AMEIXA SECA SEM CAROÇO BRASILSECO 1,05 KG (FDO 10 PCT);PCT;17.76
1008;AMÊNDOA LAMINADA BRASILSECO 1 KG (FDO 10 PCT);PCT;64.80
1009;AMÊNDOA SEM CASCA BRASILSECO 1,05 KG (FDO 10 PCT);PCT;60.00
4552;AMENDOIM TORRADO SALGADO SEM PELE BRASILSECO 1,005 KG (CX 20 PCT);PCT;11.16
785;AMIDO DE MILHO MAIZENA 1 KG (CX 20 UN);UN;12.42
568;AMIDO DE MILHO PQ 1 KG (FDO 10 PCT);PCT;3.08
4505;ANÉIS DE CEBOLA CONGELADO GOLDEN FOODS 1,1 KG (CX 10 PCT);PCT;15.38
4736;ANÉIS DE CEBOLA CONGELADO MCCAIN 1,05 KG (CX 10 PCT);PCT;17.79
4920;APARAS DE ALABOTE CONGELADO CASA MARÉ 1 KG (CX 10 PCT);PCT;15.34
1725;APERITIVO APEROL 750 ML (CX 6 UN);UN;35.87
1688;APERITIVO BRASILBERG 920 ML (CX 12 UN);UN;39.32
1516;APERITIVO CAMPARI 900 ML (CX 12 UN);UN;28.17
1350;APERITIVO CATUABA SELVAGEM 1 L (CX 12 UN);UN;8.26
3830;APERITIVO CATUABA SELVAGEM AÇAÍ 1 L (CX 12 UN);UN;8.26
1517;APERITIVO CINZANO ROSSO 950 ML (CX 12 UN);UN;16.86
1583;APERITIVO CONTINI 900 ML (CX 12 UN);UN;12.53
1518;APERITIVO CYNAR 900 ML (CX 12 UN);UN;13.45
2978;APERITIVO FERNET DUBAR 900 ML (CX 12 UN);UN;21.58
4787;APERITIVO JUJU 980 ML (CX 12 UN);UN;9.99
3082;APERITIVO JURUBEBA LEÃO DO NORTE 600 ML (CX 12 UN);UN;8.26
1681;APERITIVO JURUPINGA DINALLE 975 ML (CX 12 UN);UN;18.03
1716;APERITIVO MALIBU 750 ML (CX 12 UN);UN;32.06
4266;APERITIVO MARTINI BIANCO 750 ML (CX 12 UN);UN;16.94
1689;APERITIVO PARATUDO 900 ML (CX 12 UN);UN;8.67
373;APLICADOR P/ REQUEIJÃO;UN;355.60
142;APRESUNTADO AURORA 3,7 KG (CX 2 PÇ);PÇ;46.33
1660;APRESUNTADO DÁLIA 3,7 KG (CX 4 PÇ);PÇ;35.22
216;APRESUNTADO NOBRE 3,7 KG (CX 2 PÇ);PÇ;39.13
4103;APRESUNTADO PAMPLONA 3,5 KG (CX 4 PÇ);PÇ;35.13
144;APRESUNTADO PEPERI 3,7 KG (CX 2 PÇ);PÇ;37.79
143;APRESUNTADO PRIETO 3,65 KG (CX 2 PÇ);PÇ;32.54
4853;APRESUNTADO REZENDE 4 KG (CX 2 PÇ);PÇ;32.87
145;APRESUNTADO SADIA 3,55 KG (CX 2 PÇ);PÇ;47.58
3214;ARROZ 7 CEREAIS INTEGRAIS CAMIL 1 KG (CX 12 PCT);PCT;9.88
3193;ARROZ ARBÓREO DI SALERNO 1 KG (CX 10 PCT);PCT;10.86
3359;ARROZ BASMATI CAMIL 500 G (CX 12 PCT);PCT;7.53
589;ARROZ COPAGRO 5 KG (FDO 6 PCT);FDO;76.70
89;ARROZ FOOD SERVICE CAMIL 5 KG (FDO 6 PCT);FDO;82.40
805;ARROZ INTEGRAL FOOD SERVICE CAMIL 2 KG (FDO 5 PCT);FDO;35.78
596;ARROZ PARBOILIZADO COPAGRO 5 KG (FDO 6 PCT);FDO;73.16
3343;ARROZ PARBOILIZADO FOOD SERVICE CAMIL 5 KG (FDO 6 PCT);FDO;86.23
810;ARROZ RISOTOS FOOD SERVICE CAMIL 2 KG (FDO 5 PCT);PCT;16.86
4259;ASPARGO BRANCO DI SALERNO 395 G (CX 12 VD);VD;24.50
72;ATUM CHICHARRO DADA 420 G (CX 24 LT);LT;10.37
73;ATUM CHICHARRO RANDY 410 G (CX 24 LT);LT;10.30
1089;ATUM PEDAÇOS COSTAZZURRA POUCH 500 G (CX 10 PCT);PCT;17.40
4060;ATUM PEDAÇOS FOOD SERVICE COQUEIRO POUCH 500 G (CX 10 PCT);PCT;16.54
425;ATUM PEDAÇOS GOMES DA COSTA POUCH 500 G (CX 12 PCT);PCT;20.08
1352;ATUM PEDAÇOS PEQUENO GOMES DA COSTA 170 G (CX 24 LT);LT;6.04
1219;ATUM PEDAÇOS TOURS 400 G (CX 24 LT);LT;18.30
3273;ATUM RALADO 88 POUCH 500 G (CX 12 PCT);PCT;13.62
4439;ATUM RALADO COQUEIRO 170 G (CX 24 LT);LT;3.79
529;ATUM RALADO GOMES DA COSTA POUCH 500 G (CX 12 PCT);PCT;14.62
3284;ATUM RALADO MARSUL 400 G (CX 24 LT);LT;14.25
894;ATUM RALADO TOURS 400 G (CX 24 LT);LT;14.03
3285;ATUM SÓLIDO MARSUL 400 G (CX 24 LT);LT;18.42
1351;ATUM SÓLIDO PEQUENO GOMES DA COSTA 170 G (CX 24 LT);LT;6.00
76;ATUM SÓLIDO PESCADOR 170 G (CX 24 LT);LT;5.40
864;ATUM SÓLIDO TOURS 420 G (CX 24 LT);LT;19.53
4902;AVEIA EM FLOCOS YOKI 500 G (FDO 12 PCT);PCT;4.51
372;AVENTAL EMBORRACHADO BRANCO;UN;9.10
453;AVENTAL TERGAL BRANCO;UN;12.50
564;AZEITE COMPOSTO OLIVA E SOJA CARMELITA 500 ML (CX 12 LT);LT;8.61
3529;AZEITE COMPOSTO OLIVA E SOJA DOLAGAR 500 ML (CX 12 FR);FR;3.70
788;AZEITE COMPOSTO OLIVA E SOJA PEQUENO TRADIÇÃO 500 ML (CX 20 VD);VD;6.00
3399;AZEITE COMPOSTO OLIVA E SOJA TRADIÇÃO 5,01 L (CX 4 GL);GL;47.50
3270;AZEITE DENDÊ CEPÊRA 900 ML (CX 12 FR);FR;11.65
3846;AZEITE EXTRA VIRGEM ANDORINHA 500 ML (CX 12 VD);VD;16.88
4030;AZEITE EXTRA VIRGEM COCINERO 500 ML (CX 12 FR);FR;15.56
857;AZEITE EXTRA VIRGEM GALLO 500 ML (CX 20 VD);VD;18.13
4481;AZEITE EXTRA VIRGEM GRANDE OLIVEIRAS DO CONDE 5,01 L (CX 4 GL);GL;61.25
4480;AZEITE EXTRA VIRGEM PEQUENO OLIVEIRAS DO CONDE 500 ML (CX 12 VD);VD;9.77
3141;AZEITE EXTRA VIRGEM TERRANO 500 ML (CX 12 VD);VD;19.17
4442;AZEITE EXTRA VIRGEM TRADIÇÃO 500 ML (CX 20 VD);VD;10.25
1277;AZEITE MISTO OLIVA E SOJA FIGUEIRA DA FOZ 5,01 L (CX 4 GL);GL;35.00
78;AZEITE OLIVA CARBONELL 500 ML (CX 12 LT);LT;17.80
4493;AZEITE SACHÊ EKMA 4 ML (BAG 150 UN);BAG;30.21
3321;AZEITE SACHÊ JUNIOR (CX 200 UN);CX;50.75
1695;AZEITONA CHILENA AZAPA GRAÚDA COLOSSO 10 X 13 (BD 2 KG);BD;48.91
1696;AZEITONA PRETA FATIADA COLOSSO (BD 2 KG);BD;36.04
1697;AZEITONA PRETA MÉDIA COLOSSO 24 X 28 (BD 2 KG);BD;34.75
1698;AZEITONA PRETA MIÚDA COLOSSO 45 X 50 (BD 2 KG);BD;32.17
1699;AZEITONA PRETA SEM CAROÇO COLOSSO (BD 2 KG);BD;37.32
1700;AZEITONA VERDE FATIADA COLOSSO (BD 2 KG);BD;29.60
4688;AZEITONA VERDE FATIADA GRAN ROMANO 2 KG (CX 6 BD);BD;27.79
1701;AZEITONA VERDE GRAÚDA COLOSSO 16 X 18 (BD 2 KG);BD;25.74
4691;AZEITONA VERDE GRAÚDA GRAN ROMANO 2 KG 16 X 18 (CX 6 BD);BD;23.35
2943;AZEITONA VERDE MÉDIA COLOSSO (BARRICA 50 KG);BARR;546.98
1702;AZEITONA VERDE MÉDIA COLOSSO 24 X 28 (BD 2 KG);BD;23.81
3257;"AZEITONA VERDE MÉDIA COLOSSO 24 X 28 (BD GRANDE ""15"" KG)";BD;172.90
2941;"AZEITONA VERDE MÉDIA COLOSSO 24 X 28 (BD MÉDIO ""7,5"" KG)";BD;86.45
4692;AZEITONA VERDE MÉDIA GRAN ROMANO 2 KG 24 X 28 (CX 6 BD);BD;22.11
1703;AZEITONA VERDE MIÚDA COLOSSO 45 X 50 (BD 2 KG);BD;19.30
4693;AZEITONA VERDE MIÚDA GRAN ROMANO 2 KG 45 X 50 (CX 6 BD);BD;18.13
1704;AZEITONA VERDE RECHEADA COLOSSO (BD 2 KG);BD;34.75
1705;AZEITONA VERDE SEM CAROÇO COLOSSO (BD 2 KG);BD;30.89
4689;AZEITONA VERDE SEM CAROÇO GRAN ROMANO 2 KG (CX 6 BD);BD;28.65
4842;BACALHAU POLACA DESFIADO GOURMET 5 KG (CX 2 PCT);PCT;127.40
3410;BACALHAU POLACA DESFIADO JESSY 5 KG (CX 2 PCT);PCT;136.50
259;BACALHAU REFOGADO RG 300 G (CX 12 PCT);PCT;21.75
271;BACON EM CUBOS AURORA 1 KG (CX 10 PCT);PCT;22.18
272;BACON EM CUBOS FOOD SERVICE PERDIGÃO 2 KG (CX 2 PCT);PCT;38.33
1102;BACON EM CUBOS FRIMESA 1 KG (CX 8 PCT);PCT;22.87
4888;BACON EM CUBOS PRIETO 1 KG (CX 6 PCT);PCT;16.80
3552;BACON EM CUBOS UNAÍ 2 KG (CX 5 PCT);PCT;26.88
55;BACON ESPECIAL AURORA 3,7 KG (CX 11 KG);KG;26.25
1188;BACON ESPECIAL SEARA (PÇ 5 KG);KG;17.20
4497;BACON FATIADO FRIMESA 1 KG (CX 7 PCT);PCT;23.98
4152;BACON FATIADO MISTER BEEF 1 KG (CX 15 PCT);PCT;17.88
4836;BACON FATIADO PRIETO 1 KG (CX 6 PCT);PCT;12.60
3852;BACON FATIADO UNAÍ 2 KG (CX 5 PCT);PCT;26.88
61;BACON MÉDIO AURORA 3,7 KG (CX 11 KG);KG;19.38
1282;"BANDEJA P/ ESFIHA ""22"" 17 X 20 CM (PCT 100 UN)";PCT;16.80
1283;"BANDEJA P/ ESFIHA ""23"" 20 X 24 CM (PCT 100 UN)";PCT;23.10
1286;"BANDEJA P/ ESFIHA ""24"" 21 X 27 CM (PCT 100 UN)";PCT;30.80
1287;"BANDEJA P/ ESFIHA ""25"" 27 X 32 CM (PCT 100 UN)";PCT;46.20
48;BANHA AURORA 1 KG (CX 24 PCT);PCT;8.06
4896;BANHA DELICIAS DO PORCO 850 G (CX 12 POTES);POTE;17.72
3335;BANHA FRIMESA 1 KG (CX 18 PCT);PCT;7.19
4107;BANHA PAMPLONA 1 KG (CX 20 PCT);PCT;7.15
4755;BATATA CONGELADA CANOA MCCAIN 2,5 KG (CX 6 PCT);CX;147.68
4694;BATATA CONGELADA PALITO 10 MM QUALITY FRIES 2 KG (CX 6 PCT);CX;84.77
3439;BATATA CONGELADA PALITO 9 MM BEM BRASIL 2 KG (CX 7 PCT);CX;95.82
1525;BATATA CONGELADA PALITO 9 MM MCCAIN 2,5 KG (CX 6 PCT);CX;127.02
4917;BATATA CONGELADA PALITO CORTE FINO 7 MM BEM BRASIL 2 KG (CX 7 PCT);CX;106.37
3145;BATATA CONGELADA PALITO CORTE FINO 7 MM MCCAIN 2,25 KG (CX 8 PCT);CX;148.85
4448;BATATA CONGELADA RÚSTICA MCCAIN 2,5 KG (CX 4 PCT);CX;90.57
3218;BATATA CONGELADA SMILES MCCAIN 1,5 KG (CX 6 PCT);CX;99.24
4915;BATATA PALHA KROCK 500 G (FDO 20 PCT);PCT;4.69
4854;BATATA PALHA MINEIRINHA 500 G (FDO 20 PCT);PCT;6.25
4612;BATATA PALHA YOKI 140 G (CX 20 PCT);PCT;4.25
1384;BAÚ MOCHILA PRATA METALIZADO P/ PIZZA;UN;117.60
365;BAÚ MOCHILA VERMELHO P/  PIZZA;UN;95.20
232;BERINJELA A GENOVESE REFOGADA RG 500 G (CX 10 PCT);PCT;22.14
1612;BICARBONATO DE SÓDIO BRASILSECO 1,05 KG (FDO 20 PCT);PCT;10.64
3336;BISTECA SUÍNA FRIMESA (CX 5 KG);CX;66.36
62;BLANQUET DE PERU SADIA 1,75 KG (CX 4 PÇ);PÇ;56.90
594;BOMBOM SONHO DE VALSA LACTA 1 KG (CX 10 PCT);PCT;31.19
370;BONÉ BRIM BRANCO;UN;12.85
371;BRIGADEIRO COM REQUEIJÃO SANTA MARINA 1,350 KG (CX 12 BIS);BIS;11.38
4735;BRIGADEIRO FORNEÁVEL HARALD 1,050 KG (CX 8 BIS);BIS;8.99
4124;BRIGADEIRO MOÇA NESTLÉ 2,570 KG (CX 6 LT);LT;57.78
1342;BRIQUETE (SC 25 KG);SACO;21.70
3275;BRÓCOLIS CONGELADO GRANO 2 KG (CX 5 PCT);PCT;14.87
1115;BRÓCOLIS CONGELADO PEQUENO PRATIGEL 1,02 KG (CX 10 PCT);PCT;9.02
3372;BÚFALA BOCCONCINO YEMA (PCT 330 G);PCT;11.75
3342;BÚFALA CEREJAS DE LEITE YEMA (PCT 330 G);PCT;11.75
118;BÚFALA JABORANDI (PÇ 2 KG);KG;31.88
3825;BÚFALA LEVITARE 4 KG (CX 6 PÇ);KG;34.88
117;BÚFALA MARGHERITA YEMA (PÇ 750 G);KG;28.25
10;BÚFALA YEMA (PÇ 4 KG);KG;31.13
1578;CACHAÇA 51 965 ML (CX 12 UN);UN;7.98
1530;CACHAÇA BOAZINHA 670 ML (CX 12 UN);UN;24.39
1412;CACHAÇA BUSCA VIDA 750 ML (CX 6 UN);UN;70.80
1862;CACHAÇA CHICO MINEIRO OURO 600 ML (CX 12 UN);UN;27.14
4242;CACHAÇA COROTE 500 ML (CX 12 UN);CX;28.18
1715;CACHAÇA ESPÍRITO DE MINAS 750 ML (CX 12 UN);UN;60.24
1863;CACHAÇA JOÃO MENDES OURO 700 ML (CX 12 UN);UN;31.03
1420;CACHAÇA NEGA FULÔ CARVALHO 750 ML (CX 12 UN);UN;58.96
3427;CACHAÇA NEGA FULÔ JEQUITIBÁ 750 ML (CX 6 UN);UN;63.72
3426;CACHAÇA NEGA FULÔ TERRACOTA 700 ML (CX 6 UN);UN;80.36
4778;CACHAÇA PEQUENA LUA NOVA 600 ML (CX 12 UN);UN;12.99
1449;CACHAÇA SAGATIBA PURA 700 ML (CX 12 UN);UN;22.49
1556;CACHAÇA SALINAS TRADICIONAL 700 ML (CX 12 UN);UN;28.14
1806;CACHAÇA SANTO GRAU MINAS GERAIS 750 ML (CX 6 UN);UN;46.50
1533;CACHAÇA SÃO FRANCISCO 970 ML (CX 12 UN);UN;17.06
1528;CACHAÇA SELETA 670 ML (CX 12 UN);UN;24.39
2869;CACHAÇA TRÊS CORONÉIS 750 ML (CX 12 UN);UN;28.32
1866;CACHAÇA VALE VERDE OURO 700 ML (CX 12 UN);UN;68.44
1416;CACHAÇA VELHO BARREIRO 910 ML (CX 12 UN);UN;7.15
1540;CACHAÇA YPIÓCA OURO COM PALHA 965 ML (CX 12 UN);UN;24.01
1665;CACHAÇA YPIÓCA OURO SEM PALHA 965 ML (CX 12 UN);UN;11.80
1617;CAFÉ EXTRA FORTE SOLLUS 500 G (FDO 10 PCT);FDO;63.46
4382;CAFÉ MELITTA GRANDE 1 KG (FDO 10 PCT);FDO;167.65
4782;CAFÉ MELITTA MÉDIO 500 G (CX 10 PCT);CX;91.01
4792;CAFÉ MELITTA PEQUENO 250 G (CX 10 PCT);CX;45.51
873;CAFÉ PILÃO 500 G (FDO 10 PCT);FDO;91.21
375;CAIXA P/ PIZZA BRANCA 25 CM (PCT 25 UN);PCT;18.20
377;CAIXA P/ PIZZA BRANCA 35 CM (PCT 25 UN);PCT;24.48
357;CAIXA P/ PIZZA OITAVADA 25 CM (PCT 25 UN);PCT;14.62
362;CAIXA P/ PIZZA OITAVADA 35 CM (PCT 25 UN);PCT;19.95
27;CALABRESA AURORA 5 KG (CX 5 PCT);PCT;63.29
28;CALABRESA FRIMESA 3 KG (CX 2 PCT);PCT;38.29
1852;CALABRESA MARBA 2,5 KG (CX 4 PCT);PCT;29.15
1776;CALABRESA NOBRE 2,5 KG (CX 4 PCT);PCT;30.63
32;CALABRESA PRATA PRIETO 5 KG (CX 2 PCT);PCT;60.05
33;CALABRESA PURA PRIETO 5 KG (CX 2 PCT);PCT;71.79
3165;CALABRESA RETA AURORA 3 KG (CX 5 PCT);PCT;39.03
4871;CALABRESA RETA PERDIGÃO 2,5 KG (CX 3 PCT);PCT;33.64
29;CALABRESA RETA PRIETO 3 KG (CX 4 PCT);PCT;33.85
34;CALABRESA RETA SADIA 2,5 KG (CX 3 PCT);PCT;34.20
1276;CALABRESA RETA SEARA 2,5 KG (CX 6 PCT);PCT;33.81
37;CALABRESA SADIA 2,5 KG (CX 6 PCT);PCT;35.75
378;CALÇA BRIM BRANCA (42 / P);UN;65.34
379;CALÇA BRIM BRANCA (44 / M);UN;65.34
380;CALÇA BRIM BRANCA (46 / G);UN;65.34
1229;CALDO DE CARNE FOOD SERVICE SAZÓN 1,1 KG (CX 6 PCT);PCT;11.48
4553;CALDO DE CARNE KNORR 1,01 KG (CX 6 PCT);PCT;16.86
506;CALDO DE CARNE PENINA 1,05 KG (FDO 10 PCT);PCT;6.31
4865;CALDO DE CARNE TECNUTRI 1,01 KG (CX 10 PCT);PCT;5.88
4841;CALDO DE FRUTOS DO MAR FOOD SERVICE SAZÓN 1,1 KG (CX 6 PCT);PCT;12.86
1228;CALDO DE GALINHA FOOD SERVICE SAZÓN 1,1 KG (CX 6 PCT);PCT;11.48
4161;CALDO DE GALINHA KNORR 1,01 KG (CX 6 PCT);PCT;16.86
507;CALDO DE GALINHA PENINA 1,05 KG (FDO 10 PCT);PCT;6.31
4864;CALDO DE GALINHA TECNUTRI 1,01 KG (CX 10 PCT);PCT;5.88
1230;CALDO DE LEGUMES FOOD SERVICE SAZÓN 1,1 KG (CX 6 PCT);PCT;11.48
3829;CALDO DE LEGUMES QUALIMAX 1,01 KG (CX 10 PCT);PCT;8.23
4892;CALDO DE LEGUMES TECNUTRI 1,01 KG (CX 10 PCT);PCT;7.42
4041;CAMARÃO CONGELADO 7 BARBAS ITALPESCA 2 KG (CX 7 PCT);PCT;51.79
4742;CAMARÃO CONGELADO FERRINHO NATUBRÁS 2 KG (CX 6 PCT);PCT;85.54
4042;CAMARÃO CONGELADO FERRINHO PREMIER 2 KG (CX 5 PCT);PCT;75.14
257;CAMARÃO REFOGADO RG 300 G (CX 12 PCT);PCT;28.59
4291;CANELA EM PÓ COM AÇÚCAR BRASILSECO 1,05 KG (FDO 20 PCT);PCT;17.99
699;CANELA EM PÓ COM AÇÚCAR PENINA 500 G (FDO 20 PCT);PCT;9.81
4458;CANJICA DE MILHO KI SABOR 500 G (FDO 24 PCT);PCT;2.17
969;CANUDO DESCARTÁVEL PCT 500 UN (CX 6 PCT);PCT;11.97
4880;CARNE MOÍDA CONGELADA FRIGO NOSSO 1 KG (CX 14 PCT);PCT;14.31
1813;CARNE SECA DIANTEIRO REAL SABOR 5 KG (CX 6 PCT);PCT;105.00
1205;CARNE SECA PEQUENA DIANTEIRO PAULISTINHA 1 KG (CX 30 PCT);PCT;23.75
1755;CARNE SECA PEQUENA DIANTEIRO REAL SABOR 1 KG (CX 30 PCT);PCT;22.88
1206;CARNE SECA PEQUENA TRASEIRO PAULISTINHA 1 KG (CX 30 PCT);PCT;28.69
1804;CARNE SECA PEQUENA TRASEIRO REAL SABOR 1 KG (CX 30 PCT);PCT;24.38
268;CARNE SECA REFOGADA RG 300 G (CX 12 PCT);PCT;17.72
3644;CARNE SECA TRASEIRO PAULISTINHA 5 KG (CX 6 PCT);PCT;137.19
3345;CARNE SECA TRASEIRO REAL SABOR 5 KG (CX 6 PCT);PCT;114.38
1010;CASTANHA DE CAJU COM SAL BRASILSECO 1,05 KG (FDO 10 PCT);PCT;48.00
1011;CASTANHA DO PARÁ BRASILSECO 1,05 KG (FDO 10 PCT);PCT;62.40
411;CATCHUP EKMA 3,3 KG (CX 6 GL);GL;10.83
413;CATCHUP GRANDE CEPÊRA 3,5 KG (CX 4 GL);GL;16.24
4609;CATCHUP GRANDE HEINZ 1,033 KG (CX 12 FR);FR;13.96
4874;CATCHUP MÉDIO CEPÊRA 1,01 KG (CX 9 FR);FR;7.78
4872;CATCHUP PEQUENO CEPÊRA 400 G (CX 12 FR);CX;57.71
1409;CATCHUP PEQUENO HEINZ 397 G (CX 16 FR);CX;121.72
3189;CATCHUP SACHÊ CEPÊRA (CX 175 UN);CX;10.22
412;CATCHUP SACHÊ EKMA (CX 192 UN);CX;9.00
1635;CATCHUP SACHÊ HEINZ (CX 192 UN);CX;18.63
1655;CATCHUP SACHÊ HELLMANN´S (CX 168 UN);CX;18.17
4032;CATCHUP SACHÊ LANCHERO (CX 190 UN);CX;6.02
46;CEBOLA GRAÚDA (SC 18 KG);SACO;71.50
4866;CEBOLINHA GRAN ROMANO 2 KG (CX 6 BD);BD;26.32
4750;CEREJA MARRASQUINO CHILE FOOD 2,2 KG (CX 6 LT);LT;70.84
1396;CEREJA MARRASQUINO PEQUENA CEPÊRA 125 G (CX 12 VD);VD;9.47
3684;CERVEJA AMSTEL PURO MALTE LATA 350 ML (CX 12 LT);CX;30.07
1732;CERVEJA BADEN BADEN CRISTAL GARRAFA 600 ML (CX 12 UN);UN;12.78
3279;CERVEJA BADEN BADEN IPA GARRAFA 600 ML (CX 12 UN);UN;14.76
1734;CERVEJA BADEN BADEN WEISS GARRAFA 600 ML (CX 12 UN);UN;14.76
1795;CERVEJA BADEN BADEN WIT BIER GARRAFA 600 ML (CX 12 UN);UN;14.76
3570;CERVEJA BOHEMIA LATA 350 ML (CX 12 LT);CX;35.26
508;CERVEJA BRAHMA LATA 350 ML (CX 12 LT);CX;23.69
3196;CERVEJA BRAHMA LONG NECK 355 ML (PCT 24 UN);PCT;82.41
3690;CERVEJA BRAHMA MALZBIER LATA 350 ML (CX 12 LT);CX;48.89
4733;CERVEJA BRAHMA MALZBIER LONG NECK 355 ML (PCT 24 UN);PCT;102.83
2881;CERVEJA BRAHMA ZERO ÁLCOOL LATA 350 ML (CX 12 LT);CX;31.01
3207;CERVEJA BRAHMA ZERO ÁLCOOL LONG NECK 355 ML (PCT 24 UN);PCT;94.31
4731;CERVEJA BUDWEISER GARRAFA 550 ML (CX 12 UN);CX;63.58
2880;CERVEJA BUDWEISER LATA 350 ML (CX 12 LT);CX;37.15
3072;CERVEJA BUDWEISER LONG NECK 330 ML (PCT 24 UN);PCT;79.01
4799;CERVEJA COLORADO APPIA GARRAFA 600 ML (CX 12 UN);UN;10.29
4801;CERVEJA COLORADO INDICA GARRAFA 600 ML (CX 12 UN);UN;15.01
3694;CERVEJA CORONA LONG NECK 355 ML (CX 24 UN);CX;141.32
1831;CERVEJA EISENBAHN PILSEN PURO MALTE LONG NECK 355 ML (PCT 12 UN);PCT;46.38
1832;CERVEJA EISENBAHN WEINZENBIER TRIGO LONG NECK 355 ML (PCT 12 UN);PCT;62.93
3107;CERVEJA GRANDE SKOL LATA 473 ML (CX 12 LT);CX;49.42
3615;CERVEJA HEINEKEN GARRAFA 600 ML (CX 12 UN);CX;96.00
1579;CERVEJA HEINEKEN LATA 350 ML (CX 12 LT);CX;45.46
3197;CERVEJA HEINEKEN LONG NECK 330 ML (PCT 24 UN);PCT;99.12
4813;CERVEJA IMPÉRIO PURO MALTE GARAFFA 600 ML (CX 12 UN);CX;63.72
4811;CERVEJA IMPÉRIO PURO MALTE LATA 350 ML (CX 12 LT);CX;31.01
1383;CERVEJA ITAIPAVA LATA 350 ML (CX 12 LT);CX;25.37
3;CERVEJA MÉDIA SKOL LATA 350 ML (CX 12 LT);CX;26.76
4496;CERVEJA ORIGINAL GARRAFA 600 ML (CX 12 UN);CX;77.74
4805;CERVEJA PEQUENA AMSTEL PURO MALTE  LATA 269 ML (CX 12 LT);CX;25.71
3970;CERVEJA PEQUENA HEINEKEN LONG NECK 250 ML (PCT 24 UN);PCT;79.79
639;CERVEJA PEQUENA SKOL LATA 269 ML (CX 15 LT);CX;31.33
4675;CERVEJA SERRAMALTE PURO MALTE GARRAFA 600 ML (CX 12 UN);CX;89.81
3809;"CERVEJA SKOL BEATS ""SECRET"" LONG NECK 313 ML (PCT 24 UN)";PCT;141.32
3542;"CERVEJA SKOL BEATS ""SENSES"" LONG NECK 313 ML (PCT 24 UN)";PCT;141.32
4885;CERVEJA SKOL PURO MALTE LATA 269 ML (CX 15 LT);CX;32.21
4676;CERVEJA STELLA ARTOIS GARRAFA 550 ML (CX 12 UN);CX;82.55
3073;CERVEJA STELLA ARTOIS LONG NECK 275 ML (PCT 24 UN);PCT;81.84
4867;CHÁ FEEL GOOD BRANCO SABOR LICHIA LATA 330 ML (CX 12 LT);CX;34.42
4812;CHÁ FEEL GOOD VERDE LATA 330 ML (CX 12 LT);CX;34.42
3749;CHÁ FEEL GOOD VERMELHO SABOR AMORA LATA 330 ML (CX 12 LT);CX;34.42
3693;CHÁ ICE TEA LIPTON LIMÃO LATA 340 ML (CX 12 LT);CX;27.22
3704;CHÁ ICE TEA LIPTON PÊSSEGO LATA 340 ML (CX 12 LT);CX;27.22
1308;CHAMPIGNON FATIADO ARCO BELLO (BD 2 KG);BD;40.04
4148;CHAMPIGNON INTEIRO ARCO BELLO (BD 2 KG);BD;40.04
3985;CHANTILLY SPRAY POLENGHI 250 G (CX 12 UN);UN;17.54
385;CHANTY MIX AMÉLIA 1 L (CX 12 UN);UN;12.07
168;"CHEDDAR ""COM AMIDO"" CORONATA 1,8 KG (CX 8 BIS)";BIS;24.05
4486;"CHEDDAR ""SEM AMIDO"" CORONATA 1,8 KG (CX 8 BIS)";BIS;33.54
169;CHEDDAR DALLORA 1,8 KG (CX 8 BIS);BIS;23.79
4659;CHEDDAR FATIADO 160 FATIAS POLENGHI 2,27 KG (CX 8 PCT);PCT;56.06
4364;CHEDDAR FATIADO SCHREIBER 2,27 KG (CX 8 PCT);PCT;53.12
3907;CHEDDAR PARAÍSO 1,2 KG (CX 12 BIS);BIS;7.41
170;CHEDDAR PEQUENO DALLORA 500 G (CX 20 BIS);BIS;8.11
166;CHEDDAR PURANATA 1,2 KG (CX 8 BIS);BIS;8.86
4500;CHEDDAR ROSELI 1,2 KG (CX 12 BIS);BIS;11.65
3553;CHEDDAR SCALA 1,8 KG (CX 8 BIS);BIS;34.84
4134;CHEDDAR TIROLEZ 1,5 KG (CX 10 BIS);BIS;26.65
1090;CHEDDAR TOP CHEDDAR 1,2 KG (CX 12 BIS);BIS;9.10
3619;CHOCOLATE AO LEITE INOVARE HARALD 2,1 KG (CX 6 UN);UN;39.66
796;CHOCOLATE AO LEITE NESTLÉ 2,1 KG (CX 6 UN);UN;60.55
3622;CHOCOLATE BRANCO INOVARE HARALD 2,1 KG (CX 6 UN);UN;43.74
4630;CHOCOLATE DISQUETI 1,01 KG (CX 10 PCT);PCT;24.99
4809;CHOCOLATE EM PÓ 33 % ALIBRA 1 KG (CX 10 PCT);PCT;13.13
415;CHOCOLATE EM PÓ 33 % MELKEN HARALD 1,050 KG (CX 10 PCT);PCT;15.38
4810;CHOCOLATE EM PÓ 50 % ALIBRA 1 KG (CX 10 PCT);PCT;14.38
965;CHOCOLATE EM PÓ 50 % DOIS FRADES NESTLÉ 2 KG (CX 6 PCT);PCT;80.06
3618;CHOCOLATE EM PÓ 50 % MELKEN HARALD 1,050 KG (CX 10 PCT);PCT;20.44
4643;CHOCOLATE FORNEÁVEL AO LEITE CAMP 1,01 KG (CX 8 BIS);BIS;14.78
416;CHOCOLATE FORNEÁVEL AO LEITE HARALD 1,050 KG (CX 8 BIS);BIS;18.32
410;CHOCOLATE FORNEÁVEL BRANCO HARALD 1,050 KG (CX 8 BIS);BIS;15.28
4687;CHOCOLATE FORNEÁVEL COM AVELÃ CAMP 1,01 KG (CX 8 BIS);BIS;15.55
4397;CHOCOLATE FORNEÁVEL COM AVELÃ HARALD 1,050 KG (CX 8 BIS);BIS;21.06
4903;"CHOCOLATE GRANULADO ""GRANULÉ"" MELKEN HARALD 400 G (CX 12 PCT)";PCT;23.26
4904;"CHOCOLATE GRANULADO ""VERMICELLI"" MELKEN HARALD 400 G (CX 12 PCT)";PCT;23.26
4905;"CHOCOLATE GRANULADO CROCANTE ""ESCAMA"" HARALD 500 G (CX 24 PCT)";PCT;7.84
3355;CHOCOLATE GRANULADO MACIO HARALD 1,050 KG (CX 10 PCT);PCT;8.65
3623;CHOCOLATE MEIO AMARGO INTENSO INOVARE HARALD 2,1 KG (CX 6 UN);UN;40.45
4354;CHOCOLATE MEIO AMARGO NESTLÉ 2,1 KG (CX 6 UN);UN;64.29
1567;CHOCOLATE P/ RECHEIO E COBERTURA MOÇA NESTLÉ 2,54 KG (CX 6 LT);LT;62.59
4785;"COBERTURA P/ PIZZA E SALGADOS SABOR MUSSARELA ""MOZZALET"" 2 KG (CX 9 PÇ)";PÇ;25.08
4657;"COBERTURA P/ PIZZA SABOR MUSSARELA ""MOZZANA"" 2 KG (CX 9 PÇ)";PÇ;25.08
3810;COCA COLA GRANDE PET 2 L (PACOTE 8 UN);PCT;49.09
7;COCA COLA LATA 350 ML (CX 12 LT);CX;24.92
4845;COCA COLA MIÚDA PET 200 ML (PCT 12 UN);PCT;13.46
5;COCA COLA PET 2 L (PCT 6 UN);PCT;36.82
843;COCA COLA PET 600 ML (PCT 12 UN);PCT;44.40
8;COCA COLA ZERO LATA 350 ML (CX 12 LT);CX;26.45
6;COCA COLA ZERO PET 2 L (PCT 6 UN);PCT;36.82
1619;COCA COLA ZERO PET 600 ML (PCT 12 UN);PCT;48.47
4793;CÔCO RALADO EXTRA ÚMIDO E ADOÇADO SERIGY 1 KG (CX 10 PCT);PCT;21.80
3687;COLORÍFICO BRASILSECO 1,01 KG (FDO 25 PCT);PCT;7.42
595;COLORÍFICO PENINA 1 KG (FDO 10 PCT);PCT;15.68
384;COMANDA COMUM (PCT 20 x 50);PCT;13.79
383;COMANDA COPIATIVA (PCT 20 x 50);PCT;18.34
1017;COMINHO PENINA 1,05 KG (FDO 10 PCT);PCT;18.62
1349;CONHAQUE DOMECQ 1 L (CX 12 UN);UN;22.03
1419;CONHAQUE DREHER 900 ML (CX 12 UN);UN;11.66
2917;CONHAQUE FUNDADOR 750 ML (CX 6 UN);UN;66.53
3569;CONHAQUE PRESIDENTE 970 ML (CX 6 UN);UN;8.99
1687;CONHAQUE SÃO JOÃO DA BARRA 900 ML (CX 12 UN);UN;14.40
3346;CONTRA FILÉ RESFRIADO COM NOIX JORDANÉSIA 3,5 KG (CX 25 KG);KG;23.36
519;COPA AURORA 600 G (CX 5 KG);KG;59.53
523;COPO DESCARTÁVEL 180 ML (PCT 100 UN);PCT;3.53
4758;COQUETEL AÇAÍ E CATUABA COROTE 500 ML (CX 12 UN);CX;28.03
3995;COQUETEL BLUE SWEET PINGA AZUL 920 ML (CX 6 UN);UN;13.81
4239;COQUETEL BLUEBERRY COROTE 500 ML (CX 12 UN);CX;28.18
4760;COQUETEL CANELINHA COROTE 500 ML (CX 12 UN);CX;28.03
4662;COQUETEL CRAZY DOG 920 ML (CX 6 UN);UN;13.81
3458;COQUETEL CRAZY MONKEY 920 ML (CX 6 UN);UN;13.81
1690;COQUETEL DE VINHO NACIONAL TINTO SUAVE CANTINHO DO VALE 880 ML (CX 12 UN);CX;33.51
4071;COQUETEL GREEN SWEET PINGA VERDE 920 ML (CX 6 UN);UN;13.81
4237;COQUETEL LIMÃO COROTE 500 ML (CX 12 UN);CX;29.13
4287;COQUETEL LITTLE DEVIL SWEET PINGA ROSA 920 ML (CX 6 UN);UN;13.81
4074;COQUETEL MACARULA 920 ML (CX 6 UN);UN;13.81
4241;COQUETEL MARACUJÁ COROTE 500 ML (CX 12 UN);CX;29.13
4759;COQUETEL MENTA COROTE 500 ML (CX 12 UN);CX;28.03
4238;COQUETEL MORANGO COROTE 500 ML (CX 12 UN);CX;29.13
4240;COQUETEL PÊSSEGO COROTE 500 ML (CX 12 UN);CX;28.03
4100;COQUETEL POWER AÇAÍ 920 ML (CX 6 UN);UN;13.81
4072;COQUETEL RED SWEET PINGA VERMELHA 920 ML (CX 6 UN);UN;13.81
4073;COQUETEL YELLOW SWEET PINGA AMARELA 920 ML (CX 6 UN);UN;13.81
1209;COSTELA SUÍNA SALGADA PAULISTINHA (PCT 5 KG);PCT;80.63
3681;COUSCOUS LA PASTINA 500 G (CX 12 PCT);PCT;10.96
4005;COUVE FLOR CONGELADA GRANO 2 KG (CX 5 PCT);PCT;15.74
4026;COXA E SOBRECOXA DE FRANGO CANÇÃO / MISTER FRANGO (CX 18 KG);CX;104.76
4057;COXA E SOBRECOXA DE FRANGO SEM OSSO ADORO (CX 20 KG);CX;159.60
3422;COXÃO DURO RESFRIADO JORDANÉSIA 5 KG (CX 25 KG);KG;17.58
3423;COXÃO MOLE RESFRIADO JORDANÉSIA 5 KG (CX 25 KG);KG;18.05
1859;CREAM CHEESE CATUPIRY 1,2 KG (CX 6 BIS);BIS;22.75
58;CREAM CHEESE DANÚBIO (BD 3,6 KG);BD;74.48
38;CREAM CHEESE DANÚBIO 1 KG (CX 6 BIS);BIS;17.86
3578;CREAM CHEESE PHILADELPHIA 1,5 KG (CX 4 BIS);BIS;31.36
3299;CREAM CHEESE POLENGHI 1,5 KG (CX 4 BIS);BIS;29.25
262;CREAM CHEESE SACHÊ DANÚBIO (CX 144 UN);CX;108.29
3356;CREAM CHEESE SCALA 1,2 KG (CX 8 BIS);BIS;20.40
1466;CREME CULINÁRIO ELEGÊ 1 KG (CX 12 UN);UN;7.41
460;CREME CULINÁRIO LECO 1 KG (CX 12 UN);UN;9.62
4159;CREME DE CEBOLA FOOD SERVICE AJINOMOTO 1 KG (CX 6 PCT) ;PCT;22.79
4130;CREME DE CEBOLA QUALIMAX 1,01 KG (CX 10 PCT);PCT;19.11
4863;CREME DE CEBOLA TECNUTRI 1,01 KG (CX 10 PCT);PCT;13.30
4632;CREME DE LEITE AURORA 200 G (CX 27 UN);CX;63.18
4340;CREME DE LEITE JUSSARA 1,02 KG (CX 12 UN);UN;10.79
583;CREME DE LEITE PASTEURIZADO BIOCREME 1,01 KG (CX 12 UN);UN;14.52
4136;CREME DE LEITE PEQUENO JUSSARA 200 G (CX 27 UN);CX;62.91
879;CREME DE LEITE PEQUENO PIRACANJUBA 200 G (CX 27 UN);CX;64.88
881;CREME DE RICOTA TIROLEZ 250 G (CX 12 UN);UN;4.55
4667;CUPIM CONGELADO FRIGO NOSSO 3 KG (CX 21 KG);KG;17.23
3686;CÚRCUMA AÇAFRÃO BRASILSECO 1,05 KG (FDO 20 PCT);PCT;16.45
1012;DAMASCO TURCO BRASILSECO 1,05 KG (PCT 10 PCT);PCT;27.00
4843;DEL CAPO CREME DE AVELÃ COM CACAU (BD 3 KG);BD;85.00
2944;DOCE DE LEITE NESTLÉ 2,54 KG (CX 6 LT);LT;54.24
256;DOCE DE LEITE SABOR DE MINAS 1,5 KG (CX 8 BIS);BIS;11.63
22;DOLLY GUARANÁ PET 2 L (PCT 6 UN);PCT;17.62
23;DOLLY LARANJA PET 2 L (PCT 6 UN);PCT;17.62
24;DOLLY LIMÃO PET 2 L (PCT 6 UN);PCT;17.62
1292;ENERGÉTICO FLASH POWER 270 ML (CX 24 LT);CX;86.38
3828;ENERGÉTICO LONG ONE 2 L (PCT 6 UN);PCT;23.93
1845;ENERGÉTICO RED BULL 250 ML (PCT 24 UN);PCT;135.66
1766;ENERGÉTICO SUGAR FREE RED BULL 250 ML (PCT 24 UN);PCT;138.48
387;ENVELOPE P/ PIZZA 25 CM (FDO 250 UN);FDO;33.43
389;ENVELOPE P/ PIZZA 35 CM (FDO 250 UN);FDO;43.53
3806;ERVILHA CONGELADA GRANO 2 KG (CX 5 PCT);PCT;19.10
322;ERVILHA QUERO 2 KG (CX 6 LT);LT;9.85
323;ERVILHA QUERO 200 G (CX 24 LT);CX;33.88
4650;ERVILHA QUERO TETRA PACK 200 G (CX 24 UN);CX;38.05
4847;ERVILHA STELLA D´ORO 2 KG (CX 6 LT);LT;9.75
4846;ERVILHA STELLA D´ORO 200 G (CX 24 LT);CX;31.91
326;ESCAROLA CONGELADA PRATIGEL 2 KG (CX 6 PCT);PCT;18.03
1335;ESPUMANTE CHANDON BABY BRUT 187 ML (CX 24 UN);UN;23.60
2967;ESPUMANTE CHANDON BABY ROSÉ 187 ML (CX 24 UN);UN;27.73
1329;ESPUMANTE CHANDON BRUT 750 ML (CX 6 UN);UN;67.14
3065;ESPUMANTE CHANDON PASSION ON ICE ROSÉ 750 ML (CX 6 UN);UN;70.68
2931;ESPUMANTE CHANDON ROSÉ 750 ML (CX 6 UN);UN;77.20
1625;ESPUMANTE SALTON BRUT 750 ML (CX 6 UN);UN;27.46
3067;ESPUMANTE SALTON CLASSIC MEIO DOCE 660 ML (CX 6 UN);UN;15.22
3066;ESPUMANTE SALTON CLASSIC SECO 660 ML (CX 6 UN);UN;14.87
3068;ESPUMANTE SALTON MOSCATEL 750 ML (CX 6 UN);UN;24.66
458;ETIQUETA LACRE (PCT 2 x 500);PCT;25.62
3979;EXTRATO DE TOMATE AJINOMOTO 2 KG (CX 8 BAG);BAG;12.00
3347;EXTRATO DE TOMATE BONARE GOIÁS VERDE 4 KG (CX 4 LT);LT;15.85
4253;EXTRATO DE TOMATE ELEFANTE 2 KG (CX 6 BAG);BAG;16.60
1297;EXTRATO DE TOMATE TOMADORO PREMIUM GOIÁS VERDE 4 KG (CX 4 LT);LT;18.95
4069;FANTA GUARANÁ LATA 350 ML (CX 6 LT);CX;12.82
4909;FANTA GUARANÁ MIÚDA LATA 220 ML (CX 12 LT);CX;17.79
12;FANTA LARANJA LATA 350 ML (CX 12 LT);CX;24.36
4912;FANTA LARANJA MIÚDA LATA 220 ML (PCT 12 UN);CX;18.91
11;FANTA LARANJA PET 2 L (PCT 6 UN);PCT;37.12
1199;FANTA LARANJA PET 600 ML (PCT 12 UN);PCT;46.93
1120;"FANTA UVA LATA 350 ML (CX PEQUENA ""6"" UN)";CX;12.18
4910;FANTA UVA MIÚDA LATA 220 ML (CX 12 LT);CX;18.91
13;FANTA UVA PET 2 L (PCT 6 UN);PCT;37.12
1620;FANTA UVA PET 600 ML (PCT 12 UN);PCT;46.93
315;FARINHA DE MANDIOCA CRUA FINA PQ 5 KG (FDO 6 PCT);PCT;22.58
286;FARINHA DE MANDIOCA CRUA FINA YOKI 5 KG (FDO 5 PCT);PCT;26.12
3397;FARINHA DE MANDIOCA CRUA GROSSA PQ 3 KG (FDO 6 PCT);PCT;13.64
419;FARINHA DE MANDIOCA FLOCADA BIJU YOKI 500 G (FDO 24 PCT);PCT;5.90
3239;FARINHA DE MILHO PQ 2 KG (FDO 6 PCT);PCT;9.27
307;FARINHA DE MILHO YOKI 2 KG (FDO 5 PCT);PCT;9.45
1385;FARINHA DE ROSCA PQ 5 KG (FDO 6 PCT);PCT;22.97
570;FARINHA DE ROSCA YOKI 5 KG (FDO 5 PCT);PCT;23.42
311;FARINHA DE TRIGO DONA BENTA (FDO 25 KG);FDO;64.62
3064;FARINHA DE TRIGO ESPECIAL 101 (FDO 30 KG);FDO;75.40
3604;FARINHA DE TRIGO FIDALGA (FDO 25 KG);FDO;51.04
3997;FARINHA DE TRIGO LONGA FERMENTAÇÃO PIZZA ANACONDA (FDO 25 KG);FDO;67.05
4371;FARINHA DE TRIGO PASTEL 101 (FDO 25 KG);FDO;70.76
877;FARINHA DE TRIGO PASTEL ANACONDA (FDO 25 KG);FDO;69.72
597;FARINHA DE TRIGO PASTEL BUNGE (FDO 25 KG);FDO;67.28
3838;FARINHA DE TRIGO PASTEL DONA BENTA (FDO 25 KG);FDO;57.07
993;FARINHA DE TRIGO PASTEL ROSA BRANCA (FDO 25 KG);FDO;62.01
3502;FARINHA DE TRIGO PEQUENA INTEGRAL ANACONDA (FDO 10 KG);FDO;38.31
313;FARINHA DE TRIGO PEQUENA NITA (FDO 10 KG);FDO;30.16
4381;FARINHA DE TRIGO PEQUENA PANKO ARCO BELLO 1,01 KG (CX 10 PCT);PCT;13.34
555;FARINHA DE TRIGO PEQUENA PREMIUM ANACONDA (FDO 10 KG);FDO;29.70
3977;FARINHA DE TRIGO PEQUENA RESERVA ESPECIAL DONA BENTA (FDO 10 KG);FDO;40.66
4;FARINHA DE TRIGO PEQUENA SOL (FDO 10 KG);FDO;27.89
1861;FARINHA DE TRIGO PEQUENA TRADICIONAL ANACONDA (FDO 10 KG);FDO;26.85
1408;FARINHA DE TRIGO PIZZA 101 (FDO 25 KG);FDO;62.06
310;FARINHA DE TRIGO PIZZA ANACONDA (FDO 25 KG);FDO;61.18
802;FARINHA DE TRIGO PIZZA BUNGE (FDO 25 KG);FDO;59.08
3507;FARINHA DE TRIGO PIZZA COAMO (FDO 25 KG);FDO;55.10
1843;FARINHA DE TRIGO PIZZA DONA BENTA (FDO 25 KG);FDO;57.21
3259;FARINHA DE TRIGO PIZZA MIRELLA (FDO 25 KG);FDO;56.84
3338;FARINHA DE TRIGO PIZZA NITA (FDO 25 KG);FDO;61.48
992;FARINHA DE TRIGO PIZZA ROSA BRANCA (FDO 25 KG);FDO;55.12
3114;FARINHA DE TRIGO PREMIUM 101 (FDO 25 KG);FDO;67.05
3755;FARINHA DE TRIGO PREMIUM ANACONDA (FDO 25 KG);FDO;69.72
316;FARINHA DE TRIGO SOL (FDO 25 KG);FDO;55.42
4893;FARINHA DE TRIGO TIPO 1 BUQUÊ (FDO 25 KG);FDO;49.30
3760;FARINHA DE TRIGO TIPO 1 ROSA BRANCA (FDO 25 KG);FDO;55.12
309;FARINHA DE TRIGO TRADICIONAL ANACONDA (FDO 25 KG);FDO;65.08
4456;FAROFA PRONTA KI SABOR 500 G (CX 24 PCT);PCT;3.57
4611;FAROFA TRADICIONAL YOKI 500 G (CX 24 PCT);PCT;4.47
3525;FEIJÃO BRANCO FOOD SERVICE CAMIL 2 KG (FDO 5 PCT);PCT;16.63
804;FEIJÃO CARIOCA FOOD SERVICE CAMIL 2 KG (FDO 5 PCT);FDO;60.83
1222;FEIJÃO CARIOCA POP 1 KG (FDO 10 PCT);FDO;62.54
3527;FEIJÃO FRADINHO FOOD SERVICE CAMIL 2 KG (FDO 5 PCT);PCT;15.81
3526;FEIJÃO FRADINHO POP 1 KG (FDO 10 PCT);PCT;6.08
803;FEIJÃO PRETO FOOD SERVICE CAMIL 2 KG (FDO 5 PCT);FDO;52.29
4727;FERMENTO EM PÓ QUÍMICO TRADICIONAL DONA BENTA 100 G (CX 36 POTES);POTE;1.58
318;FERMENTO FLEISCHMANN 500 G (CX 50 PCT);PCT;6.48
319;FERMENTO ITAIQUARA 500 G (CX 50 PCT);PCT;5.18
524;FERMENTO SECO BIOLÓGICO MASSA SALGADA FLEISCHMANN 500 G (CX 20 PCT);PCT;13.86
4487;FERMENTO SECO BIOLÓGICO MASSA SALGADA ITAIQUARA 500 G (CX 20 PCT);PCT;10.91
735;FIGO CALDA TOZZI 400 G (CX 12 LT);LT;7.86
4143;FILÉ DE MERLUZA CONGELADO AZUL MARINHO 800 G (CX 20 PCT);PCT;20.67
4679;FILÉ DE PANGA CONGELADO OCEANI / HENGTAI 800 G (CX 10 PCT);PCT;17.16
4016;FILÉ DE PEITO DE FRANGO SEM OSSO CANÇÃO / MISTER FRANGO (CX 18 KG);CX;170.17
670;FILÉ DE PEITO DE FRANGO SEM OSSO SEM PELE ADORO (CX 20 KG);CX;192.56
4677;FILÉ DE POLACA CONGELADO OCEANI / HENGTAI 800 G (CX 12 PCT);PCT;17.89
4633;FILÉ DE TILÁPIA AURORA 800 G (CX 12 PCT);PCT;27.09
4881;FILÉ MIGNON RESFRIADO 3 / 4 COM CORDÃO FRIGO NOSSO 2 KG (CX 18 KG);KG;31.86
4783;FILTRO DE CAFÉ 103 MELITTA (FDO 6 CX);FDO;16.63
721;FÓSFORO QUELUZ (PCT 10 UN);PCT;2.52
3795;FRANGO A PASSARINHO TEMPERADO ADORO 1 KG (CX 18 PCT);CX;118.80
193;FRANGO DESFIADO PIF PAF 4 KG (CX 4 PCT);PCT;77.39
4056;FRANGO INTEIRO CANÇÃO (CX 20 KG);CX;117.36
4300;FUBÁ MIMOSO KI SABOR 5 KG (FDO 3 PCT);PCT;13.51
500;FUBÁ MIMOSO PQ 5 KG (FDO 6 PCT);PCT;13.65
16;FUNGHI SECO DI SALERNO 1 KG (CX 10 PCT);PCT;58.50
3735;GELATINA ABACAXI QUALIMAX 1 KG (CX 10 PCT);PCT;12.60
4855;GELATINA ABACAXI TECNUTRI 1 KG (CX 10 PCT);PCT;11.20
3736;GELATINA CEREJA QUALIMAX 1 KG (CX 10 PCT);PCT;12.60
4858;GELATINA CEREJA TECNUTRI 1 KG (CX 10 PCT);PCT;11.20
3737;GELATINA FRAMBOESA QUALIMAX 1 KG (CX 10 PCT);PCT;12.60
4856;GELATINA FRAMBOESA TECNUTRI 1 KG (CX 10 PCT);PCT;11.20
3773;GELATINA INCOLOR QUALIMAX 510 G (CX 20 PCT);PCT;31.50
3738;GELATINA LIMÃO QUALIMAX 1 KG (CX 10 PCT);PCT;12.60
4859;GELATINA LIMÃO TECNUTRI 1 KG (CX 10 PCT);PCT;11.20
3740;GELATINA MORANGO QUALIMAX 1 KG (CX 10 PCT);PCT;12.60
4857;GELATINA MORANGO TECNUTRI 1 KG (CX 10 PCT);PCT;11.20
3753;GELATINA PÊSSEGO QUALIMAX 1 KG (CX 10 PCT);PCT;12.60
3739;GELATINA UVA QUALIMAX 1 KG (CX 10 PCT);PCT;12.60
4860;GELATINA UVA TECNUTRI 1 KG (CX 10 PCT);PCT;11.20
1046;GERGELIM INDIANO BRASILSECO 505 G (FDO 20 PCT);PCT;16.64
493;GERGELIM TORRADO PASTA TAHINE ISTAMBUL (BD 13 KG);BD;286.25
277;GERGELIM TORRADO PEQUENO PASTA TAHINE ISTAMBUL 500 G (CX 12 LT);LT;19.55
2909;GIN BOMBAY SAPPHIRE 750 ML (CX 12 UN);UN;81.42
3201;GIN GORDON´S 750 ML (CX 12 UN);UN;55.34
1469;GIN SEAGERS 980 ML (CX 12 UN);UN;29.17
1422;GIN TANQUERAY 750 ML (CX 12 UN);UN;89.62
4542;GLICOSE YOKI 350 G (CX 12 UN);FR;8.41
4875;GOIABADA BISNAGA CEPÊRA 700 G (CX 16 BIS);BIS;4.98
1155;GOIABADA BISNAGA RALSTON 500 G (CX 24 BIS);BIS;5.92
1156;GOIABADA PEÇA RALSTON 400 G (CX 30 UN);UN;5.21
1395;GORDURA CUKIN BUNGE (BD 14,5 KG);BD;99.53
264;GORDURA FRY COAMO (BD 15 KG);BD;94.40
1364;GORDURA VEGETAL MESA VIGOR 500 G (CX 12 PCT);PCT;6.15
1423;GORGONZOLA BELLA ITÁLIA 3 KG (CX 4 PÇ);KG;30.88
1424;GORGONZOLA CUNHA BELLA ITÁLIA 220 G (CX 48 UN);UN;7.48
4477;GORGONZOLA CUNHA SCALA 240 G (CX 24 UN);UN;11.21
1833;GORGONZOLA CUNHA TIROLEZ 200 G (CX 32 UN);UN;8.66
4095;GORGONZOLA CUNHA YEMA 190 G (FDO 16 UN);UN;6.36
127;GORGONZOLA QUATÁ 3 KG (CX 2 PÇ);KG;35.00
936;GORGONZOLA SÃO VICENTE 3 KG (CX 2 PÇ);KG;30.79
2897;GORGONZOLA TIROLEZ 3 KG (CX 2 PÇ);KG;40.00
4906;"GOTAS DE CHOCOLATE MEIO AMARGO 53 % ""BAHIA"" UNIQUE HARALD 1,050 KG (CX 6 UN)";UN;48.85
4907;"GOTAS DE CHOCOLATE MEIO AMARGO 70 % ""AMAZÔNIA"" UNIQUE HARALD 1,050 KG (CX 6 UN)";UN;39.99
4268;GRANOLA TRADICIONAL COM FRUTAS BRASILSECO 1 KG (FDO 10 PCT);PCT;15.90
3521;GRÃO DE BICO FOOD SERVICE CAMIL 2 KG (FDO 5 PCT);PCT;31.37
2888;GROSELHA CACHOEIRA 920 ML (CX 12 UN);UN;6.50
20;GUARANÁ ANTARCTICA LATA 350 ML (CX 12 LT);CX;24.92
18;GUARANÁ ANTARCTICA PET 2 L (PCT 6 UN);PCT;31.95
1545;GUARANÁ ANTARCTICA PET 600 ML (PCT 12 UN);PCT;37.44
21;GUARANÁ ANTARCTICA ZERO LATA 350 ML (CX 12 LT);CX;24.92
19;GUARANÁ ANTARCTICA ZERO PET 2 L (PCT 6 UN);PCT;31.95
1856;GUARANÁ ANTARCTICA ZERO PET 600 ML (PCT 12 UN);PCT;37.44
3665;GUARANÁ KUAT LATA 350 ML (CX 12 LT);CX;23.67
4908;GUARANÁ KUAT MIÚDA LATA 220 ML (PCT 12 UN);CX;15.97
469;GUARDANAPO TV DESCARTÁVEL (PCT 2000 UN);PCT;12.77
3776;H2O LIMÃO PET 1,5 L (PCT 6 UN);PCT;40.55
1002;H2O LIMÃO PET 500 ML (PCT 12 UN);PCT;33.27
3617;H2O LIMONETO PET 500 ML (PCT 12 UN);PCT;33.27
4146;HAMBÚRGUER DE CARNE BOVINA MISTER BEEF 100 G (CX 60 UN);CX;64.13
4153;HAMBÚRGUER DE PICANHA MISTER BEEF 120 G (CX 48 UN);CX;79.35
4654;HAMBÚRGUER MÉDIO DE CARNE BOVINA BRASA BURGER 90 G (CX 36 UN);CX;34.11
4653;HAMBÚRGUER PEQUENO DE CARNE BOVINA BRASA BURGER 56 G (CX 36 UN);CX;21.22
4248;HAMBÚRGUER PEQUENO DE CARNE BOVINA MISTER BEEF 56 G (CX 36 UN);CX;21.93
1723;HAMBÚRGUER PEQUENO DE CARNE DE FRANGO E SUÍNA FAROESTE AURORA 56 G (CX 36 UN);CX;25.95
1334;ISOTÔNICO GATORADE FRUTAS CÍTRICAS 500 ML (PCT 6 UN);PCT;21.53
1330;ISOTÔNICO GATORADE LARANJA 500 ML (PCT 6 UN);PCT;21.53
1331;ISOTÔNICO GATORADE LIMÃO 500 ML (PCT 6 UN);PCT;21.53
1333;ISOTÔNICO GATORADE MARACUJÁ 500 ML (PCT 6 UN);PCT;21.53
3853;ISOTÔNICO GATORADE MORANGO COM MARACUJÁ 500 ML (PCT 6 UN);PCT;21.53
1683;ISOTÔNICO GATORADE TANGERINA 500 ML (PCT 6 UN);PCT;23.69
1332;ISOTÔNICO GATORADE UVA 500 ML (PCT 6 UN);PCT;20.09
1797;ITUBAÍNA RETRÔ ZERO LONG NECK 355 ML (PCT 12 UN);PCT;23.33
1729;ITUBAÍNA TUTTI-FRUTTI PET 2 L (PCT 6 UN);PCT;21.51
1730;ITUBAÍNA TUTTI-FRUTTI RETRÔ LONG NECK 355 ML (PCT 12 UN);PCT;23.33
4079;"KIMILHO ""FLOCÃO"" YOKI 500 G (FDO 12 PCT)";PCT;2.20
498;KIMILHO YOKI 500 G (FDO 24 PCT);PCT;2.08
3389;LAGARTO RESFRIADO JORDANÉSIA 3,5 KG (CX 25 KG);KG;16.52
3511;LEITE CONDENSADO FOOD SERVICE ITALAC 2,5 KG (CX 4 BAG);BAG;19.76
4328;LEITE CONDENSADO JUSSARA 395 G (CX 27 UN);CX;101.11
709;LEITE CONDENSADO MOÇA NESTLÉ 2,6 KG (CX 6 LT);LT;42.64
708;LEITE CONDENSADO MOÇA PEQUENO NESTLÉ 395 G (CX 48 LT);LT;5.27
891;LEITE CONDENSADO PIRACANJUBA 270 G (CX 27 UN);CX;78.56
4600;LEITE DE CÔCO BOM COCO 500 ML (FDO 12 FR);FDO;45.50
4338;LEITE DESNATADO JUSSARA 1 L (CX 12 UN);CX;33.98
4102;LEITE EM PÓ INTEGRAL ELEGÊ 400 G (FDO 25 PCT);PCT;10.26
4137;LEITE INTEGRAL GARRAFA MAX JUSSARA 1 L (FDO 6 UN);FDO;19.17
688;LEITE INTEGRAL ITALAC 1 L (CX 12 UN);CX;36.46
4135;LEITE INTEGRAL JUSSARA 1 L (CX 12 UN);CX;37.62
1053;LEITE INTEGRAL PIRACANJUBA 1 L (CX 12 UN);CX;35.73
3522;LENTILHA FOOD SERVICE CAMIL 2 KG (FDO 5 PCT);PCT;22.60
1547;LICOR 43 700 ML (CX 6 UN);UN;97.22
2905;LICOR ABSINTO HABITUÉ 720 ML (CX 12 UN);UN;34.22
1340;LICOR AMARULA 750 ML (CX 12 UN);UN;68.44
1253;LICOR BAILEYS 750 ML (CX 12 UN);UN;96.64
1520;LICOR COINTREAU 700 ML (CX 12 UN);UN;69.62
1779;LICOR DRAMBUIE 750 ML (CX 6 UN);UN;116.82
1519;LICOR FRANGELICO 700 ML (CX 12 UN);UN;110.16
1674;LICOR JAGERMEISTER 700 ML (CX 6 UN);UN;76.10
1536;LICOR STOCK CREME DE CACAU 720 ML (CX 6 UN);UN;30.36
1560;LICOR STOCK CREME DE CASSIS 720 ML (CX 6 UN);UN;30.36
1569;LICOR STOCK CREME DE MENTA 720 ML (CX 6 UN);UN;30.36
1559;LICOR STOCK CURAÇAU BLUE 720 ML (CX 6 UN);UN;30.36
1537;LICOR STOCK CURAÇAU FINO 720 ML (CX 6 UN);UN;30.36
2983;LICOR STOCK MARULA 720 ML (CX 6 UN);UN;44.84
1538;LICOR STOCK PÊSSEGO 720 ML (CX 6 UN);UN;30.36
4897;LINGUIÇA MISTA COM PIMENTA BIQUINHO TUIM 1 KG (CX 12 PCT);PCT;23.14
191;LINGUIÇA TOSCANA AURORA 5 KG (CX 5 PCT);PCT;64.35
567;LINGUIÇA TOSCANA NOBRE 5 KG (CX 2 PCT);PCT;55.47
67;LOMBO CANADENSE AURORA 750 G (CX 5 KG);KG;25.86
1610;LOMBO CANADENSE CERATTI 1 KG (CX 6 KG);KG;20.21
525;LOMBO CANADENSE NOBRE 750 G (CX 6 KG);KG;22.08
1211;LOMBO SUÍNO SALGADO PAULISTINHA (PCT 5 KG);PCT;64.06
1270;LUVA DE LÁTEX DESCARTÁVEL (CX 100 UN);CX;22.02
249;MACARRÃO ESPAGUETE GRANO DURO PETYBON 500 G (FDO 24 PCT);FDO;119.19
3369;MACARRÃO ESPAGUETE Nº 8 COM OVOS DONA BENTA 500 G (FDO 24 PCT);FDO;52.98
150;MACARRÃO ESPAGUETE Nº 8 COM OVOS PETYBON 500 G (FDO 24 PCT);FDO;57.81
1653;MACARRÃO FETTUCCINE GRANO DURO PETYBON 500 G (FDO 24 PCT);FDO;119.19
247;MACARRÃO FUSILLI GRANO DURO PETYBON 500 G (FDO 18 PCT);FDO;89.40
3780;MACARRÃO PARAFUSO COM OVOS DONA BENTA 500 G (FDO 24 PCT);FDO;52.98
2882;MACARRÃO PARAFUSO COM OVOS PETYBON 500 G (FDO 18 PCT);FDO;43.37
414;MACARRÃO PENA COM OVOS PETYBON 500 G (FDO 18 PCT);FDO;43.37
3424;MACARRÃO PENNE COM OVOS DONA BENTA 500 G (FDO 24 PCT);FDO;52.98
591;MACARRÃO PENNE GRANO DURO PETYBON 500 G (FDO 18 PCT);FDO;89.40
786;MAIONESE HELLMANN´S 2,8 KG (CX 6 BAG);BAG;21.11
351;MAIONESE HELLMANN´S 3 KG (CX 6 BD);BD;26.38
4055;MAIONESE LANCHERO 3 KG (CX 6 BAG);BAG;6.99
1039;MAIONESE LE CHEF VIGOR 3 KG (CX 6 BD);BD;13.49
352;MAIONESE MARIANA 3 KG (CX 6 BD);BD;12.96
3779;MAIONESE PEQUENA HEINZ 215 G (CX 16 FR);CX;100.80
4033;MAIONESE PEQUENA LANCHERO 1 KG (CX 12 BAG);BAG;3.89
4761;MAIONESE QUERO 3 KG (CX 6 BD);BD;10.85
4608;MAIONESE SACHÊ CEPÊRA (CX 175 UN);CX;13.65
350;MAIONESE SACHÊ EKMA (CX 192 UN);CX;9.88
3771;MAIONESE SACHÊ HEINZ (CX 192 UN);CX;17.49
68;MAIONESE SACHÊ HELLMANS (CX 168 UN);CX;18.17
4034;MAIONESE SACHÊ LANCHERO (CX 190 UN);CX;6.02
4236;MAIONESE SOYA 3 KG (CX 6 BD);BD;13.02
4424;MANDIOCA CONGELADA BENDITA 1,2 KG (CX 6 PCT);PCT;15.96
4278;MANDIOCA CONGELADA CANÇÃO 1 KG (CX 12 PCT);PCT;7.42
1044;MANJERICÃO DESIDRATADO BRASILSECO 505 G (FDO 10 PCT);PCT;9.03
4483;"MANTEIGA COM SAL BALDE TRÊS MARIAS (BD ""10"" KG)";BD;247.00
4818;MANTEIGA COM SAL SACHÊ PRESIDENT (CX 125 UN);CX;56.88
473;MANTEIGA COM SAL SACHÊ VIGOR (CX 192 UN);CX;84.95
4479;MANTEIGA PEQUENA COM SAL SCALA 200 G (CX 24 UN);UN;7.76
4817;MANTEIGA SEM SAL BATAVO (CX 5 KG);CX;123.50
1426;MANTEIGA SEM SAL COYOTE (CX 5 KG);CX;115.70
4919;MANTEIGA SEM SAL FRIZZO (CX 5 KG);CX;97.50
129;MANTEIGA SEM SAL PARAÍSO (CX 5 KG);CX;104.00
4819;MANTEIGA SEM SAL SACHÊ PRESIDENT (CX 125 UN);CX;56.88
36;MANTEIGA SEM SAL SACHÊ VIGOR (CX 192 UN);CX;84.95
51;MANTEIGA SEM SAL SCALA (CX 5 KG);CX;156.00
130;MANTEIGA SEM SAL TRÊS MARIAS (CX 5 KG);CX;117.00
4561;"MARGARINA ""SEM SAL"" 80 % COAMO (BD 15 KG)";BD;69.62
1363;"MARGARINA COM SAL ""50 %"" AMÉLIA (BD 15 KG)";BD;57.35
1080;"MARGARINA COM SAL ""50 %"" COAMO (BD 15 KG)";BD;56.64
3159;"MARGARINA COM SAL ""80 %"" AMÉLIA (BD 15 KG)";BD;77.05
4560;"MARGARINA COM SAL ""80 %"" COAMO (BD 15 KG)";BD;69.62
245;MARGARINA COM SAL 75 % PRIMOR (BD 15 KG);BD;79.89
3841;MARGARINA COM SAL 75 % SOFITELI (BD 15 KG);BD;87.20
3670;MARGARINA COM SAL 80 % DORIANA 500 G (CX 12 UN);CX;43.40
4000;MARGARINA COM SAL 80 % FAMÍLIA COAMO 500 G (CX 12 UN);CX;34.84
244;MARGARINA COM SAL 80 % QUALY SADIA 500 G (CX 12 UN);CX;56.45
242;MARGARINA FOLHADOS & CROISSANTS 80 % AMÉLIA 1,010 KG (CX 12 UN);CX;90.71
3408;MARGARINA PEQUENA COM SAL 75 % PRIMOR 3 KG (CX 6 BD);BD;18.98
3856;MARGARINA PEQUENA COM SAL 80 % QUALY SADIA 250 G (CX 24 UN);CX;59.26
513;MÁSCARA DESCARTÁVEL (PCT 10 UN);PCT;2.86
1299;MASSA P/ PASTEL BRASILEIRINHA (PCT 1 KG);PCT;5.88
4804;MEL ISIS 260 G (CX 12 FR);FR;11.06
1453;MILHO PIPOCA YOKI 500 G (FDO 24 PCT);PCT;2.68
333;MILHO QUERO 2 KG (CX 6 LT);LT;10.86
649;MILHO QUERO 200 G (CX 24 LT);CX;37.82
4610;MILHO QUERO TETRA PACK 200 G (CX 24 UN);CX;43.38
4848;MILHO STELLA D´ORO 2 KG (CX 6 LT);LT;10.07
4849;MILHO STELLA D´ORO 200 G (CX 24 LT);CX;34.08
133;MINAS FRESCAL CORONATA (PÇ 500 G);KG;20.50
738;MINAS FRESCAL ITAMONTÊS (PÇ 500 G);KG;17.50
4476;MINAS FRESCAL QUADRADO SABOR 3 KG (CX 9 PÇ);KG;15.88
3930;MINAS FRESCAL REDONDO SABOR 3 KG (CX 8 PÇ);KG;15.88
1719;MINAS FRESCAL SABOR (PÇ 500 G);KG;15.88
4413;MINAS FRESCAL SÉRAC YEMA (PÇ 500 G);KG;12.50
1197;MINAS FRESCAL TIROLEZ (PÇ 500 G);KG;24.91
3094;MINAS PADRÃO SCALA (PÇ 500 G);KG;33.75
3084;MINAS PADRÃO TRÊS MARIAS (PÇ 500 G);KG;27.50
4839;MISTURA P/ BOLO BAUNILHA COAMO 5 KG (FDO 5 PCT);PCT;15.99
3105;MISTURA P/ BOLO CENOURA DONA BENTA 450 G (CX 12 PCT);PCT;3.59
3824;MISTURA P/ BOLO CENOURA VILMA 5 KG (CX 3 PCT);PCT;21.99
4838;MISTURA P/ BOLO CHOCOLATE COAMO 5 KG (FDO 5 PCT);PCT;24.00
1513;MISTURA P/ BOLO CHOCOLATE DONA BENTA 450 G (CX 12 PCT);PCT;4.31
3974;MISTURA P/ BOLO CHOCOLATE VILMA 5 KG (CX 3 PCT);PCT;25.99
3170;MISTURA P/ BOLO CÔCO DONA BENTA 450 G (CX 12 PCT);PCT;3.59
4081;MISTURA P/ BOLO COCO VILMA 5 KG (CX 3 PCT);PCT;21.99
1514;MISTURA P/ BOLO LARANJA DONA BENTA 450 G (CX 12 PCT);PCT;3.59
4485;MISTURA P/ BOLO LARANJA VILMA 5 KG (CX 3 PCT);PCT;21.99
4498;MISTURA P/ BOLO MILHO VILMA 5 KG (CX 3 PCT);PCT;21.99
4840;MISTURA P/ BOLO PÃO DE LÓ COAMO 5 KG (FDO 5 PCT);PCT;21.75
3610;MOLHO ALHO CEPÊRA 1,01 L (CX 12 FR);FR;7.24
3729;MOLHO BARBECUE CEPÊRA 3,5 KG (CX 4 GL);GL;20.07
4565;MOLHO BARBECUE EKMA 3,5 KG (CX 6 GL);GL;17.77
4745;MOLHO BARBECUE HEINZ 397 G (CX 16 FR);FR;14.45
4299;MOLHO BILLY E JACK KI SABOR 1,01 KG (CX 6 BAG);BAG;8.84
3860;MOLHO DE TOMATE TRADICIONAL HEINZ 1,02 KG (CX 12 UN) ;UN;4.58
4018;MOLHO DE TOMATE TRADICIONAL TARANTELLA 2 KG (CX 6 BAG);BAG;8.81
3586;MOLHO DE TOMATE TRADICIONAL TOMADORO PREMIUM GOIÁS VERDE 3,1 KG (CX 6 LT);LT;12.76
3398;MOLHO INGLÊS CEPÊRA 1,01 L (CX 12 FR);FR;4.34
3718;MOLHO INGLÊS PEQUENO CEPÊRA 150 ML (CX 24 FR);FR;0.69
3611;MOLHO PIMENTA CEPÊRA 1,01 L (CX 12 FR);FR;6.16
4877;MOLHO PIMENTA CHIPOTLE CEPÊRA 270 ML (CX 12 FR);FR;7.57
338;MOLHO PIMENTA EKMA 1,01 L (CX 12 FR);FR;5.02
3058;MOLHO PIMENTA SACHÊ JUNIOR (CX 252 UN);CX;23.97
4878;MOLHO PIMENTA SRIRACHA CEPÊRA 270 ML (CX 12 FR);FR;7.57
4879;MOLHO PIMENTA SWEET CHILLI CEPÊRA 270 ML (CX 12 FR);FR;7.57
337;MOLHO PIMENTA VERMELHA QUERO 150 ML (CX 24 FR);CX;55.57
3249;MOLHO PIMENTA VERMELHA TABASCO MC ILHENNY 59 ML (CX 12 VD);VD;13.40
1108;MOLHO PIZZA BONARE GOIÁS VERDE 2 KG (CX 6 BAG);BAG;8.04
4876;MOLHO PIZZA CEPÊRA MAMMA D ORO 2 KG (CX 6 BAG);BAG;7.97
342;MOLHO PIZZA EKMA 2 KG (CX 6 BAG);BAG;7.47
345;MOLHO PRONTO QUERO 3,1 KG (CX 6 LT);LT;11.67
2886;MOLHO REFOGADO EKMA 2 KG (CX 6 BAG);BAG;7.47
4296;MOLHO SALADA ITALIANO KI SABOR 240 ML (CX 12 FR);CX;33.60
4298;MOLHO SALADA LIMÃO KI SABOR 240 ML (CX 12 FR);CX;33.60
4297;MOLHO SALADA PARMESÃO KI SABOR 240 ML (CX 12 FR);CX;33.60
4295;MOLHO SALADA ROSE KI SABOR 240 ML (CX 12 FR);CX;33.60
1118;MOLHO SHOYU CEPÊRA 1,01 L (CX 12 FR);FR;6.48
1280;MOLHO SHOYU EKMA 1,01 L (CX 12 FR);FR;5.48
1448;MOLHO SHOYU EKMA 5 L (CX 4 GL);GL;24.15
3752;MOLHO SHOYU SATIS AJINOMOTO 870 ML (CX 6 FR);FR;8.14
1279;MORTADELA DEFUMADA OURO PERDIGÃO 4 KG (CX 2 PÇ);KG;10.99
3667;MORTADELA PAULICÉIA 5 KG (CX 4 PÇ);KG;7.19
250;MORTADELA TRADICIONAL CERATTI 6 KG (CX 1 PÇ);KG;25.20
251;MORTADELA TRADICIONAL MARBA 5 KG (CX 4 PÇ);KG;11.34
183;MOSTARDA AMARELA HEMMER 3,6 KG (CX 4 GL);GL;23.18
280;MOSTARDA CEPÊRA 3,3 KG (CX 4 GL);GL;14.23
4873;MOSTARDA CEPÊRA 350 G (CX 12 FR);CX;67.11
417;MOSTARDA EKMA 3,3 KG (CX 6 GL);GL;10.83
587;MOSTARDA HEINZ 255 G (CX 16 FR);CX;122.85
185;MOSTARDA PEQUENA AMARELA HEMMER 200 G (CX 25 FR);FR;3.90
3206;MOSTARDA PEQUENA ESCURA HEMMER 200 G (CX 25 FR);FR;3.90
3040;MOSTARDA SACHÊ  HELLMANN´S  (CX 168 UN);CX;24.75
3190;MOSTARDA SACHÊ CEPÊRA (CX 175 UN);CX;10.43
418;MOSTARDA SACHÊ EKMA (CX 192 UN);CX;9.00
1636;MOSTARDA SACHÊ HEINZ (CX 192 UN);CX;17.49
4039;MOSTARDA SACHÊ LANCHERO (CX 190 UN);CX;6.02
4150;"MUSSARELA ""LIGHT"" TIROLEZ 4 KG (CX 4 PÇ)";KG;27.55
867;MUSSARELA APOLO 4 KG (CX 6 PÇ);KG;15.99
1319;MUSSARELA BARI 4 KG (CX 6 PÇ);KG;16.80
3147;MUSSARELA BOLINHA BOCCATELLE CORONATA (PCT 360 G);PCT;9.12
3148;MUSSARELA BOLINHA PEZZOLINI CORONATA (PCT 360 G);PCT;9.12
4540;MUSSARELA CARLITOS 4 KG (CX 6 PÇ);KG;16.95
101;MUSSARELA CLÁSSICA 4 KG (CX 6 PÇ);KG;16.84
92;MUSSARELA COOPERNOVA 4 KG (CX 6 PÇ);KG;17.92
964;MUSSARELA COYOTE 4 KG (CX 6 PÇ);KG;18.37
115;MUSSARELA DI GENNARO 4 KG (CX 6 PÇ);KG;16.95
119;MUSSARELA ESPECIAL SIBÉRIA 1,8 KG (CX 10 PÇ);KG;22.40
3167;MUSSARELA FATIADA COYOTE 4 KG (CX 4 PCT);PCT;79.80
103;MUSSARELA FLEURY 4 KG (CX 6 PÇ);KG;18.64
1004;MUSSARELA FRIZZO 4 KG (CX 6 PÇ);KG;17.18
112;MUSSARELA IMPERADOR 4 KG (CX 6 PÇ);KG;16.05
1153;MUSSARELA ITALAC 4 KG (CX 6 PÇ);KG;17.92
105;MUSSARELA JÓIA 4 KG (CX 6 PÇ);KG;18.08
1318;MUSSARELA KALIFFA 4 KG (CX 6 PÇ);KG;16.74
655;MUSSARELA LITORAL 4 KG (CX 6 PÇ);KG;16.27
4661;MUSSARELA LIZ 4 KG (CX 6 PÇ);KG;18.08
386;MUSSARELA MULTIBOM 4 KG (CX 6 PÇ);KG;18.82
100;MUSSARELA PARAÍSO 4 KG (CX 6 PÇ);KG;16.95
1021;MUSSARELA PILOTO 4 KG (CX 6 PÇ);KG;16.84
542;MUSSARELA QUATIGUÁ 4 KG (CX 6 PÇ);KG;17.80
113;MUSSARELA SCALA 4 KG (CX 6 PÇ);KG;22.06
846;MUSSARELA TIROLEZ 4 KG (CX 6 PÇ);KG;21.84
96;"MUSSARELA TRADIÇÃO ""INLARON"" 4 KG (CX 6 PÇ)";KG;20.94
114;MUSSARELA TRADIÇÃO 4 KG (CX 6 PÇ);KG;18.99
97;"MUSSARELA TRÊS MARIAS ""MATO GROSSO"" 4 KG (CX 6 PÇ)";KG;18.93
106;"MUSSARELA TRÊS MARIAS ""MINAS GERAIS"" 4 KG (CX 6 PÇ)";KG;18.70
1085;"MUSSARELA TRÊS MARIAS RONDÔNIA ""JARU"" 4 KG (CX 6 PÇ)";KG;18.93
110;"MUSSARELA TRÊS MARIAS RONDÔNIA ""OURO PRETO"" 4 KG (CX 6 PÇ)";KG;19.94
4852;MUSSARELA VALE DO ITÁ 4 KG (CX 6 PÇ);KG;15.25
1013;NOZES MARIPOSA SEM CASCA BRASILSECO 1,05 KG (FDO 10 PCT);PCT;50.40
4365;NUTELLA CREME DE AVELÃ COM CACAU 3 KG (CX 2 BALDES);BD;103.71
3793;NUTELLA CREME DE AVELÃ COM CACAU PEQUENO 650 G (CX 6 POTES);POTE;27.05
4376;ÓLEO DE ALGODÃO SOYA (BD 15,8 L);BD;90.05
239;ÓLEO DE GIRASSOL LIZA 900 ML (CX 20 FR);FR;6.60
235;ÓLEO DE MILHO LIZA 900 ML (CX 20 FR);FR;7.14
499;ÓLEO DE SOJA COAMO 900 ML (CX 20 FR);CX;65.86
1082;ÓLEO DE SOJA COCAMAR LATA 18 L;LT;64.31
3801;ÓLEO DE SOJA LIZA 6 L (CX 3 GL);GL;30.09
237;ÓLEO DE SOJA LIZA 900 ML (CX 20 FR);CX;71.49
238;ÓLEO DE SOJA LIZA LATA 18 L;LT;93.80
3318;ORÉGANO CHILENO DI SALERNO 1 KG (FDO 10 PCT);PCT;32.20
4378;ORÉGANO PERUANO ARCO BELLO 500 G (FDO 20 PCT);PCT;11.20
1212;ORELHA SUÍNA SALGADA PAULISTINHA (PCT 5 KG);PCT;38.75
1087;OVOS BRANCOS GRANDE (CX 2 BDJ);CX;22.62
4740;OVOS DE CODORNA GRANJA SÃO PAULO (PCT 1 KG);PCT;13.65
431;PÁ DE ESFIHA (90 X 22 CM);UN;117.81
433;PÁ DE FERRO (38 CM);UN;74.38
435;PÁ DE MADEIRA (35 CM);UN;105.32
436;PÁ DE MADEIRA (40 CM);UN;105.32
3268;PAIO SUÍNO PRIETO 2,5 KG (CX 4 PCT);PCT;39.36
2896;PALITO DESCARTÁVEL SACHÊ JUNIOR (CX 2000 UN);CX;23.47
4717;PALITO RECHEADO DE MUSSARELA MCCAIN 1,05 KG (CX 6 PCT);PCT;24.59
497;PALMITO BANDA AÇAÍ SANEDE 450 G (CX 12 LT);LT;10.98
3396;PALMITO BANDA PUPUNHA DU CAMPO 1,8 KG (CX 6 VD);VD;23.13
496;PALMITO INTEIRO AÇAÍ SANEDE 500 G (CX 12 LT);LT;15.73
489;PALMITO INTEIRO PUPUNHA DU CAMPO 1,8 KG (CX 6 VD);VD;46.25
3848;PALMITO INTEIRO PUPUNHA ITARIRI 1,8 KG (CX 6 VD);VD;42.50
532;PALMITO PICADO PUPUNHA DU CAMPO 1,8 KG (CX 6 VD);VD;21.88
3847;PALMITO PICADO PUPUNHA ITARIRI 1,8 KG (CX 6 VD);VD;20.38
3395;PALMITO RODELA PUPUNHA DU CAMPO 1,8 KG (CX 6 VD);VD;23.13
4279;PÃO DE QUEIJO TRADICIONAL CANÇÃO 1 KG (CX 12 PCT);PCT;11.34
3725;PARMA DESOSSADO ITALIANO PANINI DI SALERNO (PÇ 1 KG);KG;71.51
223;PARMA FATIADO SADIA 100 G (CX 30 PCT);PCT;14.41
4914;"PARMESÃO ""PEQUENO"" SIBÉRIA 3 KG (CX 4 PÇ)";KG;34.20
3185;PARMESÃO 1 / 4 SCALA 1,5 KG (CX 12 PÇ);PÇ;77.17
503;PARMESÃO 12 MESES SCALA 6 KG (CX 2 PÇ);KG;58.68
195;PARMESÃO BABY BURITIS 3 KG (CX 2 PÇ);KG;29.90
3186;PARMESÃO FRACIONADO SCALA 250 G (CX 21 UN);UN;15.41
4752;PARMESÃO MONTANHÊS 4 MESES SCALA 6 KG (CX 3 PÇ);KG;41.88
203;PARMESÃO MONTANHÊS CRISTAL 5 KG (CX 2 PÇ);KG;22.75
1427;PARMESÃO MONTANHÊS TIROLEZ 7 KG (CX 1 PÇ);KG;45.54
844;PARMESÃO MONTANHÊS TRÊS MARIAS (PÇ 5 KG);KG;33.80
3571;PARMESÃO PRETO PICOLO BURITIS 5 KG (CX 2 PÇ);KG;34.99
3436;PARMESÃO RALADO FINO S & A 1 KG (FDO 10 PCT);PCT;24.57
2948;PARMESÃO RALADO GROSSO DONA MARIA 1 KG (FDO 10 PCT);PCT;23.40
4223;PARMESÃO RALADO GROSSO S & A 1 KG (FDO 10 PCT);PCT;24.57
515;PARMESÃO RALADO MÉDIO FILLETTINO 1 KG (FDO 20 PCT);PCT;22.10
4490;PARMESÃO RALADO MÉDIO ITAMONTÊS 1 KG (FDO 10 PCT);PCT;30.55
269;PARMESÃO RALADO SACHÊ FAIXA AZUL 10 G (CX 100 UN);CX;127.07
4494;PARMESÃO RALADO SACHÊ FINO ITAMONTÊS 50 G (CX 20 UN);CX;36.00
1397;PARMESÃO SIBÉRIA 6 KG (CX 2 PÇ);KG;34.20
196;PARMESÃO TROPICAL SAFIRA 6 KG (CX 4 PÇ);KG;22.49
3819;PATINHO RESFRIADO JORDANÉSIA 4,5 KG (CX 25 KG);KG;18.29
1213;PÉ SUÍNO SALGADO PAULISTINHA (PCT 5 KG);PCT;45.00
4015;PEITO DE FRANGO COM OSSO CANÇÃO / MISTER FRANGO (CX 18 KG);CX;127.87
3061;PEITO DE FRANGO COZIDO E DEFUMADO LIGHT PRIETO 3 KG (CX 2 PÇ);PÇ;59.00
1611;PEITO DE FRANGO SEM OSSO DEFUMADO CERATTI 2 KG (CX 2 PÇ);PÇ;47.89
161;PEITO DE PERU REZENDE 2,5 KG (CX 2 PÇ);KG;29.59
163;PEITO DE PERU SADIA 2,5 KG (CX 2 PÇ);KG;44.94
1203;PEITO DE PERU SEARA 2,5 KG (CX 2 PÇ);KG;32.88
4748;PEPININHO GRANJA SÃO PAULO (BD 2 KG);BD;21.00
4918;PEPPERONI FATIADO AURORA 1 KG (CX 6 PCT);PCT;46.93
43;PEPPERONI FATIADO CERATTI 1 KG (CX 3 PCT);PCT;43.63
42;PEPPERONI FATIADO SADIA 1 KG (CX 2 PCT);PCT;47.88
949;PEPSI COLA LATA 350 ML (CX 12 LT);CX;24.92
1291;PEPSI COLA PET 2 L (PCT 6 UN);PCT;31.95
3692;PEPSI TWIST LATA 350 ML (CX 12 LT);CX;24.92
4916;PERNIL SUÍNO SEM OSSO RIO SUL (PÇ 10 KG);KG;12.14
667;PÊSSEGO CALDA TOZZI 450 G (CX 12 LT);LT;8.23
538;PICANHA DEFUMADA CERATTI (PÇ 1 KG);KG;61.50
3817;PICANHA TIPO A RESFRIADA JORDANÉSIA 1,3 KG (CX 22 KG);KG;38.94
4749;PICKLES GRANJA SÃO PAULO (BD 2 KG);BD;18.20
4113;PIMENTA BIQUINHO CEPÊRA 170 G (CX 12 VD);VD;13.19
4747;PIMENTA BIQUINHO GRANJA SÃO PAULO (BD 2 KG);BD;33.60
1045;PIMENTA CALABRESA BRASILSECO 505 G (FDO 20 PCT);PCT;15.12
3487;PIMENTA DO REINO BRASILSECO 1,05 KG (FDO 20 PCT);PCT;17.50
3588;POLENTA CONGELADA CANÇÃO 1 KG (CX 10 PCT);PCT;7.74
3726;POLPA DE TOMATE DI SALERNO (CX 10 KG);CX;78.96
364;POLPA DE TOMATE QUERO 520 G (CX 24 UN);UN;1.49
4788;POSTA DE CAÇÃO CONGELADO CASA MARÉ 1 KG (CX 20 PCT);PCT;19.37
221;PRESUNTO AURORA 3,5 KG (CX 2 PÇ);PÇ;61.09
1661;PRESUNTO DÁLIA 3,3 KG (CX 3 PÇ);PÇ;39.88
217;PRESUNTO PEPERI 3,5 KG (CX 2 PÇ);PÇ;48.87
225;PRESUNTO PRIETO 3,35 KG (CX 2 PÇ);PÇ;44.56
4094;PRESUNTO REZENDE 3,4 KG (CX 2 PÇ);PÇ;43.48
1305;PRESUNTO SADIA 3,45 KG (CX 2 PÇ);PÇ;70.41
179;PRESUNTO SEARA 3,5 KG (CX 4 PÇ);PÇ;55.59
1036;PROVOLONE COYOTE 5 KG (CX 3 PÇ);KG;23.40
4092;PROVOLONE GRANDE TIROLEZ (PÇ 10 KG);KG;39.20
207;PROVOLONE PEQUENO TRÊS MARIAS (PÇ 2 KG);KG;27.30
640;PROVOLONE SABOR (PÇ 5 KG);KG;21.71
1563;PROVOLONE SCALA (PÇ 5 KG);KG;32.50
945;PROVOLONE TÂNIA 5 KG (CX 4 PÇ);KG;30.00
204;PROVOLONE TRÊS MARIAS (PÇ 5 KG);KG;24.70
4160;PURÊ DE BATATA FOOD SERVICE AJINOMOTO 1 KG (CX 6 PCT);PCT;23.59
1000;PURÊ DE BATATA QUALIMAX 800 G (CX 6 PCT);PCT;18.75
4861;PURÊ DE BATATA TECNUTRI 800 G (CX 10 PCT);PCT;18.75
368;QUEIJO BRIE FORMA SÃO VICENTE 1 KG (CX 3 PÇ);UN;43.32
3548;QUEIJO BRIE FORMA YEMA 1 KG (CX 1 PÇ);UN;38.87
4922;QUEIJO COALHO BARRA PEQUENO TRÊS MARIAS 3 KG (CX 6 UN);KG;25.20
241;QUEIJO COALHO BARRA TRÊS MARIAS 7 KG (CX 2 UN);KG;24.00
3549;QUEIJO COALHO BARRA YEMA (PÇ 2,5 KG);KG;27.00
1166;QUEIJO COALHO ESPETO QUATÁ PCT 7 UN (CX 20 PCT);PCT;12.58
593;QUEIJO COALHO ESPETO TRÊS MARIAS PCT 7 UN (CX 20 PCT);PCT;12.18
967;QUEIJO COTTAGE TIROLEZ 400 G (CX 12 UN);UN;11.41
369;QUEIJO EMMENTAL YEMA (PÇ 13 KG);KG;39.00
4091;QUEIJO ESTEPE TIROLEZ (PÇ 7 KG);KG;38.40
598;QUEIJO ESTEPE YEMA (PÇ 7 KG);KG;31.20
932;QUEIJO GOUDA TIROLEZ 3 KG (CX 2 PÇ);KG;38.40
140;QUEIJO GOUDA YEMA (PÇ 3 KG);KG;33.00
82;QUEIJO GRUYÉRE YEMA (PÇ 7 KG);KG;38.40
3254;QUEIJO MASCARPONE ECILA 350 G (CX 16 UN);UN;16.02
1083;QUEIJO POLENGUINHO POLENGHI 17 G (CX 24 UN);CX;13.50
4149;"QUEIJO PRATO ""LIGHT"" TIROLEZ 3,5 KG (CX 4 PÇ)";KG;28.04
541;QUEIJO PRATO CORONATA 3,5 KG (CX 6 PÇ);KG;25.08
141;QUEIJO PRATO CRISTAL 3,5 KG (CX 6 PÇ);KG;17.67
138;QUEIJO PRATO DA VACA 3,5 KG (CX 6 PÇ);KG;20.92
4151;QUEIJO PRATO ESFÉRICO TIROLEZ 2 KG (CX 4 PÇ);KG;29.83
855;QUEIJO PRATO FATIADO SCHREIBER 2,27 KG (CX 8 PCT);PCT;47.10
1783;"QUEIJO PRATO MULTIBOM 3 KG (CX ""9"" PÇ)";KG;20.29
800;QUEIJO PRATO TIROLEZ 3,5 KG (CX 6 PÇ);KG;22.23
643;QUEIJO PRATO TRÊS MARIAS 3,5 KG (CX 6 PÇ);KG;21.09
934;QUEIJO REINO TIROLEZ 2 KG (CX 4 PÇ);KG;33.00
1214;RABO SUÍNO SALGADO PAULISTINHA (PCT 5 KG);PCT;49.38
887;REFRESCO ABACAXI QUALIMAX 1 KG (CX 10 PCT);CX;62.40
1033;REFRESCO CAJU QUALIMAX 1 KG (CX 10 PCT);CX;62.40
1034;REFRESCO GOIABA QUALIMAX 1 KG (CX 10 PCT);CX;62.40
927;REFRESCO LARANJA E ACEROLA QUALIMAX 1 KG (CX 10 PCT);CX;62.40
4673;REFRESCO LARANJA E MORANGO QUALIMAX 1 KG (CX 10 PCT);CX;62.40
888;REFRESCO LARANJA QUALIMAX 1 KG (CX 10 PCT);CX;62.40
890;REFRESCO LIMÃO QUALIMAX 1 KG (CX 10 PCT);CX;62.40
924;REFRESCO MANGA QUALIMAX 1 KG (CX 10 PCT);CX;62.40
889;REFRESCO MARACUJÁ QUALIMAX 1 KG (CX 10 PCT );CX;62.40
1818;REFRESCO PÊSSEGO QUALIMAX 1 KG (CX 10 PCT);CX;62.40
923;REFRESCO UVA QUALIMAX 1 KG (CX 10 PCT);CX;62.40
167;REQUEIJÃO CATUPIRY 1,5 KG (CX 12 BIS);BIS;34.20
186;REQUEIJÃO CATUPIRY 3,6 KG (CX 4 BD);BD;87.08
175;REQUEIJÃO CLARA MILK 1,8 KG (CX 8 BIS);BIS;10.03
1208;REQUEIJÃO COPO CATUPIRY 200 G (CX 24 UN);UN;6.12
3634;REQUEIJÃO COPO CLARA MILK 200 G (CX 24 UN);UN;3.25
3062;REQUEIJÃO COPO CRIOULO 250 G (CX 24 UN);UN;7.33
4482;REQUEIJÃO COPO POÇOS DE CALDA 200 G (CX 24 UN);UN;4.20
806;REQUEIJÃO COPO SCALA 200 G (CX 12 UN);UN;4.43
3320;REQUEIJÃO COPO TIROLEZ 200 G (CX 12 UN);UN;3.82
172;REQUEIJÃO CORONATA 1,8 KG (CX 8 BIS);BIS;14.83
539;REQUEIJÃO CORONATA 3,6 KG (CX 4 BD);BD;30.09
4492;REQUEIJÃO CREMILLE 1,5 KG (CX 10 BIS);BIS;6.02
165;REQUEIJÃO DA FAZENDA 1,8 KG (CX 8 BIS);BIS;6.49
173;REQUEIJÃO DALLORA 1,8 KG (CX 8 BIS);BIS;11.21
174;REQUEIJÃO DALLORA 3,6 KG (CX 4 BD);BD;31.15
947;REQUEIJÃO DANÚBIO 1 KG (CX 6 BIS);BIS;23.32
164;REQUEIJÃO LEVE AFFAMATO 1,8 KG (CX 8 BIS);BIS;6.73
3906;REQUEIJÃO PARAÍSO 1,8 KG (CX 8 BIS);BIS;6.90
184;REQUEIJÃO PARMATO 1,8 KG (CX 8 BIS);BIS;15.58
4138;REQUEIJÃO PEQUENO CORONATA 400 G (CX 36 BIS);BIS;4.09
4701;REQUEIJÃO PIZZALET 1,8 KG (CX 8 BIS);BIS;8.44
3766;REQUEIJÃO REKEMINAS 1,8 KG (CX 8 BIS);BIS;6.50
181;REQUEIJÃO SCALA 1,8 KG (CX 8 BIS);BIS;28.27
182;REQUEIJÃO SCALA 3,6 KG (CX 4 BD);BD;56.54
4721;REQUEIJÃO SCALON 1,5 KG (CX 12 BIS);BIS;24.78
3576;REQUEIJÃO SOFFICE 1,535 KG (CX 10 BIS);BIS;25.37
2899;REQUEIJÃO TIROLEZ 1,8 KG (CX 8 BIS);BIS;28.27
83;REQUEIJÃO TOP MILK 1,8 KG (CX 8 BIS);BIS;8.85
3119;REQUEIJÃO TRADICIONAL CORONATA 1,8 KG (CX 8 BIS);BIS;29.62
1565;REQUEIJÃO TRADICIONAL DALLORA 1,8 KG (CX 8 BIS);BIS;27.14
586;RICOTA CORONATA (PÇ 750 G);KG;8.71
3595;RICOTA SABOR (PÇ 400 G);KG;6.24
1339;RUM BACARDI BIG APPLE 980 ML (CX 12 UN);UN;23.14
1531;RUM BACARDI CARTA BLANCA SUPERIOR 980 ML (CX 12 UN);UN;24.43
1532;RUM BACARDI CARTA OURO SUPERIOR 980 ML (CX 12 UN);UN;24.41
3103;RUM MONTILLA CARTA BRANCA 1 L (CX 12 UN);UN;16.76
1685;RUM MONTILLA CARTA OURO 1 L (CX 12 UN);UN;17.70
850;SAL CISNE 1 KG (FDO 10 PCT);FDO;24.10
4708;SAL DUNORTE 1 KG (FDO 10 PCT);FDO;10.22
929;SAL GROSSO CISNE 1 KG (FDO 10 PCT);FDO;24.74
943;SAL NOBRE 1 KG (FDO 10 PCT);FDO;11.34
3117;SAL SACHÊ CISNE (CX 1000 UN);CX;27.15
2894;SAL SACHÊ JUNIOR (CX 2000 UN);CX;20.14
189;SALAME ITALIANO AURORA 600 G (CX 10 KG);KG;47.70
1544;SALAME ITALIANO REZENDE 600 G (CX 4,8 KG);KG;43.58
3769;SALAME ITALIANO SADIA 600 G (CX 6 KG);KG;66.27
1048;SALSA DESIDRATADA BRASILSECO 255 G (FDO 20 PCT);PCT;7.70
266;SALSICHA AURORA 3 KG (CX 8 PCT);PCT;23.26
3111;SALSICHA PERDIGÃO 5 KG (CX 4 PCT);PCT;40.70
1570;SAQUÊ DOURADO AZUMA KIRIN 740 ML (CX 12 UN);UN;21.98
1254;SAQUÊ JUN DAITI 670 ML (CX 12 UN);UN;30.68
4447;SAQUÊ SECO AZUMA KIRIN 600 ML (CX 12 UN);UN;11.53
4696;SAQUÊ SECO SENSHI 720 ML (CX 12 UN);UN;10.03
1148;SAQUÊ SECO SOFT FUJI 740 ML (CX 6 UN);UN;12.57
1571;SAQUÊ SOFT AZUMA KIRIN 740 ML (CX 12 UN);UN;16.20
4835;"SARDINHAS COM ÓLEO ""LAJE"" PESCADOR 125 G (CX 54 LT)";LT;2.74
1354;SARDINHAS COM ÓLEO GOMES DA COSTA 125 G (CX 50 LT);LT;3.17
1659;SASSAMI DE FRANGO AURORA 1 KG (CX 16 PCT);CX;159.62
4660;SASSAMI DE FRANGO C.VALE 1 KG (CX 15 PCT);CX;146.16
4686;SASSAMI DE FRANGO MISTER FRANGO (CX 18 KG);CX;177.48
3300;SAZÓN VERDE FOOD SERVICE 900 G (CX 6 PCT);PCT;23.95
456;SAZÓN VERMELHO FOOD SERVICE 900 G (CX 6 PCT);PCT;23.95
1198;SCHWEPPES CITRUS LATA 350 ML (CX 6 LT);CX;14.64
3805;SELETA DE LEGUMES CONGELADA GRANO 2 KG (CX 5 PCT);PCT;16.07
4882;SELETA DE LEGUMES STELLA D´ORO 200 G (CX 24 LT);CX;33.59
951;SODA ANTARCTICA LATA 350 ML (CX 12 LT);CX;24.92
3333;SODA ANTARCTICA PET 2 L (PCT 6 UN);PCT;31.95
2879;SODA ANTARCTICA PET 600 ML (PCT 12 UN);PCT;37.44
3509;SODA ANTARCTICA ZERO LATA 350 ML (CX 12 LT);CX;24.92
3978;"SPRITE LATA 350 ML (CAIXA PEQUENA ""6"" UN)";CX;13.94
4911;SPRITE MIÚDA LATA 220 ML (CX 12 LT);CX;18.91
14;SPRITE PET 2 L (PCT 6 UN);PCT;35.51
1546;STEINHAEGER BECOSA 980 ML (CX 12 UN);UN;23.54
198;SUCO DE TOMATE INTEGRAL SUPERBOM 300 ML (FDO 6 UN);FDO;24.02
4257;SUCO DEL VALLE ABACAXI TETRA PACK 1 L (CX 6 UN);CX;35.86
4681;SUCO DEL VALLE CAJU TETRA PACK 1 L (CX 6 UN);CX;35.87
4119;SUCO DEL VALLE GOIABA LATA 290 ML (CX 6 LT);CX;15.64
4254;SUCO DEL VALLE LARANJA TETRA PACK 1 L (CX 6 UN);CX;35.87
4117;SUCO DEL VALLE MANGA LATA 290 ML (CX 6 LT);CX;15.64
4255;SUCO DEL VALLE MANGA TETRA PACK 1 L (CX 6 UN);CX;35.87
4085;SUCO DEL VALLE MARACUJÁ LATA 290 ML (CX 6 LT);CX;15.64
4256;SUCO DEL VALLE MARACUJÁ TETRA PACK 1 L (CX 6 UN);CX;35.87
4118;SUCO DEL VALLE PÊSSEGO LATA 290 ML (CX 6 LT);CX;15.64
4258;SUCO DEL VALLE PÊSSEGO TETRA PACK 1 L (CX 6 UN);CX;35.87
4110;SUCO DEL VALLE UVA LATA 290 ML (CX 6 LT);CX;15.65
3163;SUCO DEL VALLE UVA TETRA PACK 1 L (CX 6 UN);CX;35.86
981;SUCO MAGUARY ABACAXI 500 ML (PCT 12 UN);CX;54.65
982;SUCO MAGUARY CAJU 500 ML (PCT 12 UN);CX;29.44
986;SUCO MAGUARY MARACUJÁ 500 ML (PCT 12 UN);CX;55.08
987;SUCO MAGUARY UVA 500 ML (PCT 12 UN);CX;57.88
4763;SUCO SUFRESH ABACAXI LATA 330 ML (CX 12 LT);CX;25.78
4764;SUCO SUFRESH GOIABA LATA 330 ML (CX 12 LT);CX;25.78
3368;SUCO SUFRESH LARANJA LATA 330 ML (CX 12 LT);CX;23.76
4753;SUCO SUFRESH MANGA LATA 330 ML (CX 12 LT);CX;25.78
3914;SUCO SUFRESH MARACUJÁ LATA 330 ML (CX 12 LT);CX;25.78
3915;SUCO SUFRESH MORANGO LATA 330 ML (CX 12 LT);CX;25.78
3248;SUCO SUFRESH PÊSSEGO LATA 330 ML (CX 12 LT);CX;25.78
3366;SUCO SUFRESH UVA LATA 330 ML (CX 12 LT);CX;25.78
4495;SUCO UVA INTEGRAL AURORA 1,5 L (CX 6 UN);CX;70.92
950;SUKITA LARANJA LATA 350 ML (CX 12 LT);CX;24.92
3531;SUKITA UVA LATA 350 ML (CX 12 LT);CX;24.92
459;SUPORTE TRIPÉ (PCT 500 UN);PCT;16.86
4900;TAPIOCA GRANULADA YOKI 500 G (CX 12 PCT);PCT;6.42
4441;TAPIOCA KI SABOR 500 G (CX 20 PCT);PCT;3.76
1019;TEMPERO BAIANO PENINA 1,05 KG (FDO 10 PCT);PCT;20.22
3710;TEMPERO COMPLETO COM PIMENTA FOOD SERVICE SABOR AMI (BD 5 KG);BD;37.64
3711;TEMPERO COMPLETO FOOD SERVICE SABOR AMI (BD 5 KG);BD;37.64
1455;TEQUILA JOSE CUERVO PRATA 750 ML (CX 12 UN);UN;70.68
1415;TEQUILA JOSE CUERVO REPOSADO OURO 750 ML (CX 12 UN);UN;70.68
4698;TEQUILA LA MEXICANA 920 ML (CX 6 UN);UN;14.16
1358;TEQUILA SAUZA GOLD 750 ML (CX 12 UN);UN;49.44
229;TOMATE CARMEM MADURO (CX 18 KG);CX;104.00
230;TOMATE CARMEM SALADA (CX 18 KG);CX;104.00
1159;TOMATE PELADO ARCO BELLO 2,5 KG (CX 6 LT);LT;17.03
4899;"TOMATE SECO ""PEQUENO"" ARCO BELLO  (BD 1,02 KG)";BD;16.90
1038;TOMATE SECO ARCO BELLO 2 KG (CX 6 BD);BD;27.95
4602;TOMATE SECO MAIS ALIMENTOS 2 KG (CX 6 BD);BD;26.00
1271;TOUCA DESCARTÁVEL (PCT 100 UN);PCT;8.08
4898;TOUCINHO TEMPERADO CONGELADO TUIM  500 G (CX 20 PCT);PCT;11.69
535;TRIGO KIBE BURGOL 5 KG (FDO 5 PCT);PCT;21.77
4901;TRIGO KIBE YOKI 5 KG (FDO 5 PCT);PCT;21.08
1016;UVA PASSA BRANCA BRASILSECO 1,05 KG (FDO 10 PCT);PCT;26.40
1006;UVA PASSA PRETA BRASILSECO 1 KG (FDO 10 PCT);PCT;16.20
461;VARREDOR P/ FORNO;UN;82.11
462;VASSOURINHA CABO PLÁSTICO;UN;8.22
4324;VINAGRE BRANCO TOSCANO 750 ML (CX 12 FR);CX;17.64
1041;VINAGRE COLORIDO NEVAL 750 ML (CX 12 FR);CX;15.01
4323;VINAGRE COLORIDO TOSCANO 750 ML (CX 12 FR);CX;17.64
3311;VINAGRE SACHÊ JUNIOR (CX 200 UN);CX;19.10
298;VINAGRE TIBIRI (GL 5 L);GL;6.72
1647;VINHO ARGENTINO TINTO MEIO SECO CONCHA Y TORO RESERVADO MALBEC 750 ML (CX 12 UN);UN;22.18
3134;VINHO ARGENTINO TINTO SECO BENJAMIN NIETO SENETINER CABERNET SAUVIGNON  750 ML (CX 6 UN);UN;26.43
3122;VINHO ARGENTINO TINTO SECO GATO NEGRO MALBEC 750 ML (CX 12 UN);UN;22.18
3132;VINHO CHILENO BRANCO SECO SANTA CAROLINA RESERVADO SAUVIGNON BLANC 750 ML (CX 12 UN);UN;20.53
1582;VINHO CHILENO BRANCO SECO SANTA HELENA RESERVADO SAUVIGNON BLANC 750 ML (CX 12 UN);UN;21.74
2868;VINHO CHILENO PEQUENO TINTO MEIO SECO SANTA HELENA RESERVADO CABERNET SAUVIGNON 375 ML (CX 24 UN);UN;14.81
1646;VINHO CHILENO TINTO MEIO SECO CONCHA Y TORO CARMENÉRE 750 ML (CX 12 UN);UN;22.05
1803;VINHO CHILENO TINTO MEIO SECO CONCHA Y TORO MERLOT CABERNET SAUVIGNON 750 ML (CX 12 UN);UN;22.07
1554;VINHO CHILENO TINTO MEIO SECO CONCHA Y TORO RESERVADO CABERNET SAUVIGNON 750 ML (CX 12 UN);UN;22.05
2979;VINHO CHILENO TINTO MEIO SECO GATO NEGRO CABERNET SAUVIGNON 750 ML (CX 12 UN);UN;22.30
4598;VINHO CHILENO TINTO MEIO SECO GATO NEGRO MERLOT 750 ML (CX 12 UN);UN;22.41
3131;VINHO CHILENO TINTO MEIO SECO SANTA CAROLINA RESERVADO CABERNET SAUVIGNON 750 ML (CX 12 UN);UN;18.88
1621;VINHO CHILENO TINTO MEIO SECO SANTA HELENA RESERVADO CABERNET SAUVIGNON 750 ML (CX 12 UN);UN;20.99
1622;VINHO CHILENO TINTO MEIO SECO SANTA HELENA RESERVADO CABERNET SAUVIGNON MERLOT 750 ML (CX 12 UN);UN;20.99
1623;VINHO CHILENO TINTO MEIO SECO SANTA HELENA RESERVADO CARMENÉRE 750 ML (CX 12 UN);UN;20.87
1581;VINHO CHILENO TINTO MEIO SECO SANTA HELENA RESERVADO MERLOT 750 ML (CX 12 UN);UN;20.99
3121;VINHO CHILENO TINTO MEIO SECO TRAVESSIA CABERNET SAUVIGNON 750 ML (CX 12 UN);UN;18.29
1815;VINHO CHILENO TINTO SECO CASILLERO DEL DIABLO CABERNET SAUVIGNON 750 ML (CX 12 UN);UN;37.17
3144;VINHO CHILENO TINTO SECO CASILLERO DEL DIABLO MALBEC 750 ML (CX 12 UN);UN;37.17
4913;VINHO CHILENO TINTO SECO GATO NEGRO CARMENÉRE 750 ML (CX 12 UN);UN;22.30
3135;VINHO ESPANHOL TINTO SECO PATA NEGRA OURO TEMPRANILLO 750 ML (CX 6 UN);UN;33.02
1671;"VINHO ITALIANO BRANCO SUAVE FRISANTE LAMBRUSCO ""ANELLA"" 750 ML (CX 12 UN)";UN;23.60
1461;"VINHO ITALIANO BRANCO SUAVE FRISANTE LAMBRUSCO ""CELLA"" 750 ML (CX 6 UN)";UN;28.91
1670;VINHO ITALIANO TINTO SECO VALPOLICELLA BOLLA 750 ML (CX 12 UN);UN;55.46
1672;"VINHO ITALIANO TINTO SUAVE FRISANTE LAMBRUSCO ""ANELLA ROSSO"" 750 ML (CX 12 UN)";UN;23.60
1521;VINHO NACIONAL BRANCO MEIO SECO LIEBFRAUMILCH 750 ML (CX 12 UN);UN;11.50
3296;VINHO NACIONAL BRANCO SECO ALMADÉN RIESLING 750 ML (CX 6 UN);UN;18.76
1673;VINHO NACIONAL BRANCO SECO CHALISE 750 ML (CX 6 UN);UN;9.97
3174;VINHO NACIONAL BRANCO SECO RANDON (GL 4,6 L);GL;40.75
1634;VINHO NACIONAL BRANCO SUAVE CHALISE 750 ML (CX 6 UN);UN;8.13
1721;VINHO NACIONAL TINTO SECO ALMADÉN CABERNET SAUVIGNON 750 ML (CX 6 UN);UN;18.76
1633;VINHO NACIONAL TINTO SECO CHALISE 750 ML (CX 6 UN);UN;8.26
3484;VINHO NACIONAL TINTO SECO MIOLO SELEÇÃO CABERNET SAUVIGNON MERLOT 750 ML (CX 6 UN);UN;24.66
3175;VINHO NACIONAL TINTO SECO RANDON (GL 4,6 L);GL;40.75
1722;VINHO NACIONAL TINTO SUAVE ALMADÉN CABERNET 750 ML (CX 6 UN);UN;18.29
1632;VINHO NACIONAL TINTO SUAVE CHALISE 750 ML (CX 6 UN);UN;8.26
2925;VINHO NACIONAL TINTO SUAVE COUNTRY WINE 750 ML (CX 6 UN);UN;10.45
3176;VINHO NACIONAL TINTO SUAVE RANDON (GL 4,6 L);GL;40.75
2928;VINHO NACIONAL TINTO SUAVE SANTOMÉ 750 ML (CX 12 UN);UN;8.56
1255;VINHO PORTUGUÊS PEQUENO TINTO SECO PERIQUITA 375 ML (CX 24 UN);UN;20.40
1624;VINHO PORTUGUÊS TINTO SECO CASAL GARCIA 750 ML (CX 6 UN);UN;32.67
1256;VINHO PORTUGUÊS TINTO SECO PERIQUITA 750 ML (CX 6 UN);UN;35.22
1669;VINHO PORTUGUÊS VERDE MEIO SECO CASAL GARCIA 750 ML (CX 6 UN);UN;31.85
1347;VODKA ABSOLUT 1 L (CX 12 UN);UN;74.54
2972;VODKA ASKOV 900 ML (CX 12 UN);UN;10.27
4395;VODKA ASKOV BLACK 900 ML (CX 12 UN);UN;10.40
4390;VODKA ASKOV BLUEBERRY 900 ML (CX 12 UN);UN;10.40
4394;VODKA ASKOV FRUTAS ROXAS 900 ML (CX 12 UN);UN;10.40
2973;VODKA ASKOV FRUTAS VERMELHAS 900 ML (CX 12 UN);UN;10.40
2974;VODKA ASKOV KIWI 900 ML (CX 12 UN);UN;10.40
4393;VODKA ASKOV LIMÃO 900 ML (CX 12 UN);UN;10.40
4392;VODKA ASKOV MARACUJÁ 900 ML (CX 12 UN);UN;10.40
4665;VODKA BALAKOV 920 ML (CX 6 UN);UN;5.78
1643;VODKA BALALAIKA 1 L (CX 6 UN);UN;9.14
1257;VODKA CIROC 750 ML (CX 12 UN);UN;113.28
1680;VODKA CIROC RED BERRY 750 ML (CX 12 UN);UN;132.16
2927;VODKA DUBAR ZVONKA RED 960 ML (CX 12 UN);UN;14.75
2904;VODKA KETEL ONE 1 L (CX 12 UN);UN;65.49
2926;VODKA ORLOFF 1 L (CX 12 UN);UN;20.65
2975;VODKA PEQUENA SMIRNOFF 600 ML (CX 12 UN);UN;15.20
1451;VODKA SKYY 980 ML (CX 12 UN);UN;25.09
1258;VODKA SMIRNOFF 998 ML (CX 12 UN);UN;28.69
4734;VODKA SMIRNOFF ICE LONG NECK 275 ML (PCT 24 UN) ;PCT;104.22
4726;VODKA WYBOROWA 750 ML (CX 12 UN);UN;41.51
1778;WHISKY BALLANTINES 12 ANOS 1 L (CX 12 UN);UN;109.86
1777;WHISKY BALLANTINES FINEST 8 ANOS 1 L (CX 12 UN);UN;63.72
4020;WHISKY BELL´S 700 ML (CX 12 UN);UN;25.44
2903;WHISKY BLACK WHITE 1 L (CX 12 UN);UN;47.08
1260;WHISKY BUCHANAN´S 12 ANOS 1 L (CX 12 UN);UN;136.76
1557;WHISKY CHIVAS REGAL 12 ANOS 1 L (CX 12 UN);UN;119.77
1470;WHISKY JACK DANIEL´S 1 L (CX 12 UN);UN;124.26
4543;WHISKY JACK DANIEL´S FIRE 1 L (CX 12 UN);UN;123.52
3262;WHISKY JACK DANIEL´S HONEY 1 L (CX 12 UN);UN;124.26
1262;WHISKY JOHNNIE WALKER BLACK LABEL 12 ANOS 1 L (CX 12 UN);UN;133.52
1264;WHISKY JOHNNIE WALKER BLUE LABEL 750 ML (CX 6 UN);UN;743.40
1684;WHISKY JOHNNIE WALKER DOUBLE BLACK 1 L (CX 12 UN);UN;152.22
1265;WHISKY JOHNNIE WALKER GOLD LABEL RESERVE 750 ML (CX 6 UN);UN;194.58
1261;WHISKY JOHNNIE WALKER RED LABEL 1 L (CX 12 UN);UN;81.59
1628;WHISKY NATU NOBILIS 1 L (CX 12 UN);UN;28.02
1607;WHISKY OLD EIGHT 1 L (CX 12 UN);UN;21.24
1549;WHISKY PASSPORT 1 L (CX 12 UN);UN;38.10
1272;WHISKY WHITE HORSE 1 L (CX 12 UN);UN;57.82
